-- phpMyAdmin SQL Dump
-- version 5.0.2
-- https://www.phpmyadmin.net/
--
-- Host: 127.0.0.1
-- Generation Time: Sep 18, 2021 at 08:07 AM
-- Server version: 10.4.14-MariaDB
-- PHP Version: 7.4.10

SET SQL_MODE = "NO_AUTO_VALUE_ON_ZERO";
START TRANSACTION;
SET time_zone = "+00:00";


/*!40101 SET @OLD_CHARACTER_SET_CLIENT=@@CHARACTER_SET_CLIENT */;
/*!40101 SET @OLD_CHARACTER_SET_RESULTS=@@CHARACTER_SET_RESULTS */;
/*!40101 SET @OLD_COLLATION_CONNECTION=@@COLLATION_CONNECTION */;
/*!40101 SET NAMES utf8mb4 */;

--
-- Database: `sd`
--

-- --------------------------------------------------------

--
-- Table structure for table `categories`
--

CREATE TABLE `categories` (
  `id` bigint(20) UNSIGNED NOT NULL,
  `name` varchar(255) COLLATE utf8mb4_unicode_ci NOT NULL,
  `sort_order` bigint(20) DEFAULT NULL,
  `status` tinyint(1) DEFAULT NULL,
  `created_at` timestamp NULL DEFAULT NULL,
  `updated_at` timestamp NULL DEFAULT NULL
) ENGINE=InnoDB DEFAULT CHARSET=utf8mb4 COLLATE=utf8mb4_unicode_ci;

--
-- Dumping data for table `categories`
--

INSERT INTO `categories` (`id`, `name`, `sort_order`, `status`, `created_at`, `updated_at`) VALUES
(1, 'Mercedes-Benz', 0, 1, '2021-03-25 10:39:55', '2021-03-25 10:39:55'),
(2, 'Toyota', 4, 1, '2021-03-25 10:39:55', '2021-03-25 10:39:55'),
(3, 'Volkswagen', 2, 1, '2021-03-25 10:39:55', '2021-03-25 10:39:55'),
(4, 'BMW ', 4, 1, '2021-03-25 10:39:56', '2021-03-25 10:39:56'),
(5, 'Porsche ', 2, 1, '2021-03-25 10:39:56', '2021-03-25 10:39:56'),
(6, 'Honda', 9, 1, '2021-03-25 10:39:56', '2021-03-25 10:39:56'),
(7, 'Ford', 7, 1, '2021-03-25 10:39:56', '2021-03-25 10:39:56'),
(8, 'Nissan', 2, 1, '2021-03-25 10:39:56', '2021-03-25 10:39:56'),
(9, 'Audi', 9, 1, '2021-03-25 10:39:56', '2021-03-25 10:39:56'),
(10, 'Volvo', 2, 1, '2021-03-25 10:39:56', '2021-03-25 10:39:56');

-- --------------------------------------------------------

--
-- Table structure for table `employees`
--

CREATE TABLE `employees` (
  `id` int(11) NOT NULL,
  `name` varchar(255) COLLATE utf8mb4_unicode_ci DEFAULT NULL,
  `email` varchar(255) COLLATE utf8mb4_unicode_ci DEFAULT NULL,
  `password` varchar(255) COLLATE utf8mb4_unicode_ci DEFAULT NULL,
  `gender` varchar(255) COLLATE utf8mb4_unicode_ci DEFAULT NULL,
  `is_active` tinyint(1) DEFAULT NULL,
  `birthday` date DEFAULT NULL,
  `role` varchar(255) COLLATE utf8mb4_unicode_ci DEFAULT NULL,
  `created_at` datetime NOT NULL,
  `updated_at` datetime NOT NULL
) ENGINE=InnoDB DEFAULT CHARSET=utf8mb4 COLLATE=utf8mb4_unicode_ci;

--
-- Dumping data for table `employees`
--

INSERT INTO `employees` (`id`, `name`, `email`, `password`, `gender`, `is_active`, `birthday`, `role`, `created_at`, `updated_at`) VALUES
(21, 'Jhon', 'jhon@gmail.com', '123456', 'male', 0, '2021-02-14', 'Manager', '2021-02-12 18:03:33', '2021-02-13 05:08:36'),
(25, 'Magen', 'magen@gmail.com', '123456', 'female', 0, '2020-07-02', 'Other', '2021-02-12 18:07:16', '2021-02-12 18:07:16'),
(26, 'Rio', 'rio@gmail.com', '123456', 'male', 1, '2021-02-27', 'Director', '2021-02-12 18:08:27', '2021-02-12 18:08:27'),
(27, 'Miko', 'miko@gmail.com', '123456', 'female', 1, '2021-02-14', 'Manger', '2021-02-12 19:20:26', '2021-02-12 19:20:26');

-- --------------------------------------------------------

--
-- Table structure for table `failed_jobs`
--

CREATE TABLE `failed_jobs` (
  `id` bigint(20) UNSIGNED NOT NULL,
  `uuid` varchar(255) COLLATE utf8mb4_unicode_ci NOT NULL,
  `connection` text COLLATE utf8mb4_unicode_ci NOT NULL,
  `queue` text COLLATE utf8mb4_unicode_ci NOT NULL,
  `payload` longtext COLLATE utf8mb4_unicode_ci NOT NULL,
  `exception` longtext COLLATE utf8mb4_unicode_ci NOT NULL,
  `failed_at` timestamp NOT NULL DEFAULT current_timestamp()
) ENGINE=InnoDB DEFAULT CHARSET=utf8mb4 COLLATE=utf8mb4_unicode_ci;

-- --------------------------------------------------------

--
-- Table structure for table `image_models`
--

CREATE TABLE `image_models` (
  `id` bigint(20) UNSIGNED NOT NULL,
  `title` varchar(255) COLLATE utf8mb4_unicode_ci DEFAULT NULL,
  `slug` varchar(255) COLLATE utf8mb4_unicode_ci DEFAULT NULL,
  `filename` varchar(255) COLLATE utf8mb4_unicode_ci DEFAULT NULL,
  `alttext` varchar(255) COLLATE utf8mb4_unicode_ci DEFAULT NULL,
  `created_at` timestamp NULL DEFAULT NULL,
  `updated_at` timestamp NULL DEFAULT NULL
) ENGINE=InnoDB DEFAULT CHARSET=utf8mb4 COLLATE=utf8mb4_unicode_ci;

--
-- Dumping data for table `image_models`
--

INSERT INTO `image_models` (`id`, `title`, `slug`, `filename`, `alttext`, `created_at`, `updated_at`) VALUES
(1, 'scxcxscs', 'scxcxscs', '1614629370.png', 'scxcxscs', '2021-03-01 14:09:31', '2021-03-01 14:09:31');

-- --------------------------------------------------------

--
-- Table structure for table `migrations`
--

CREATE TABLE `migrations` (
  `id` int(10) UNSIGNED NOT NULL,
  `migration` varchar(255) COLLATE utf8mb4_unicode_ci NOT NULL,
  `batch` int(11) NOT NULL
) ENGINE=InnoDB DEFAULT CHARSET=utf8mb4 COLLATE=utf8mb4_unicode_ci;

--
-- Dumping data for table `migrations`
--

INSERT INTO `migrations` (`id`, `migration`, `batch`) VALUES
(1, '2014_10_12_000000_create_users_table', 1),
(2, '2014_10_12_100000_create_password_resets_table', 1),
(3, '2019_08_19_000000_create_failed_jobs_table', 1),
(4, '2021_03_01_162607_create_image_models_table', 1),
(5, '2021_03_21_151622_create_categories_table', 2),
(6, '2021_03_21_151709_create_products_table', 2),
(7, '2021_03_25_062349_add_specfication_to_products_table', 2);

-- --------------------------------------------------------

--
-- Table structure for table `password_resets`
--

CREATE TABLE `password_resets` (
  `email` varchar(255) COLLATE utf8mb4_unicode_ci NOT NULL,
  `token` varchar(255) COLLATE utf8mb4_unicode_ci NOT NULL,
  `created_at` timestamp NULL DEFAULT NULL
) ENGINE=InnoDB DEFAULT CHARSET=utf8mb4 COLLATE=utf8mb4_unicode_ci;

-- --------------------------------------------------------

--
-- Table structure for table `products`
--

CREATE TABLE `products` (
  `id` bigint(20) UNSIGNED NOT NULL,
  `name` varchar(255) COLLATE utf8mb4_unicode_ci NOT NULL,
  `details` mediumtext COLLATE utf8mb4_unicode_ci DEFAULT NULL,
  `price` int(11) DEFAULT NULL,
  `category_id` bigint(20) UNSIGNED NOT NULL,
  `created_at` timestamp NULL DEFAULT NULL,
  `updated_at` timestamp NULL DEFAULT NULL,
  `specification` mediumtext COLLATE utf8mb4_unicode_ci DEFAULT NULL
) ENGINE=InnoDB DEFAULT CHARSET=utf8mb4 COLLATE=utf8mb4_unicode_ci;

--
-- Dumping data for table `products`
--

INSERT INTO `products` (`id`, `name`, `details`, `price`, `category_id`, `created_at`, `updated_at`, `specification`) VALUES
(1, 'oG4CUwotpD', 'Ratione dolores tempore eos accusamus explicabo et. Non aut accusamus ad molestiae praesentium impedit quasi. Facere quam pariatur voluptatem adipisci numquam necessitatibus. Explicabo nisi odio nesciunt ratione ea temporibus vel quia. Voluptatem eligendi veritatis sed ducimus quod expedita eos. Sunt in non quia aliquid molestias illum.', 1351, 9, '2021-03-25 10:39:56', '2021-03-25 10:39:56', NULL),
(2, 'dJeGyjcPgm', 'Minus illo voluptas dolores quibusdam. Reprehenderit beatae quibusdam sunt. Quia est voluptas a. Ullam est dolore similique voluptatem. Dolorum facilis officiis aut eligendi rem necessitatibus. Similique quia aut harum deleniti et. Consequatur laboriosam et quaerat voluptatibus et. Ut molestiae eos fuga nam eos.', 1314, 4, '2021-03-25 10:39:56', '2021-03-25 10:39:56', NULL),
(3, '9YDfqsKHDQ', 'Et vel perspiciatis aut exercitationem facere praesentium iure et. Dicta dignissimos tenetur hic sunt. Repudiandae sequi dolore incidunt impedit non. Repellat et veniam tenetur autem ullam.', 1117, 7, '2021-03-25 10:39:56', '2021-03-25 10:39:56', NULL),
(4, '7v4wU9E9Rl', 'Sed esse sit vel mollitia. Pariatur iste officia omnis maiores perferendis at. Dolor magnam aperiam quibusdam consequatur voluptas dolor. Sed non eius sed blanditiis tenetur dolores. Non sit unde provident culpa quos perspiciatis.', 1067, 9, '2021-03-25 10:39:56', '2021-03-25 10:39:56', NULL),
(5, 'B799Uzfwz7', 'Quo quasi ratione voluptatem laboriosam praesentium corrupti. Iusto ut voluptatem deleniti alias sit. Unde magnam corporis et et voluptatem aut. Modi quo incidunt ad numquam hic voluptatem saepe perspiciatis. Sapiente et aut delectus aut maxime expedita. Commodi quasi sint necessitatibus rem culpa recusandae. At aspernatur ut natus quam voluptatibus. Non et et quidem et adipisci nobis voluptates.', 1204, 10, '2021-03-25 10:39:56', '2021-03-25 10:39:56', NULL),
(6, '3PxM1Z2yys', 'Inventore dolorum ullam adipisci reprehenderit ut omnis omnis iusto. Omnis tempore molestiae libero. Mollitia est voluptates vel nihil rerum ad et. Asperiores enim exercitationem molestiae a rerum vel.', 1625, 3, '2021-03-25 10:39:57', '2021-03-25 10:39:57', NULL),
(7, 'quxpZwrl32', 'Ipsum occaecati quaerat sunt. Id ad at delectus soluta qui vero. Aut molestiae alias quos. Eum dicta possimus necessitatibus ratione rem. Ut nostrum alias qui ut eos. Atque officia id voluptatem reiciendis occaecati est cupiditate voluptatum.', 1299, 2, '2021-03-25 10:39:57', '2021-03-25 10:39:57', NULL),
(8, 'xpL9qW7zK6', 'Laudantium pariatur quibusdam expedita. Cumque vero necessitatibus a aspernatur animi. Sint dolorem delectus sed molestias voluptatum et quis. Nihil ipsum molestiae quo deserunt ut. Saepe ratione voluptas perspiciatis eveniet ullam suscipit sunt architecto. Quasi architecto perferendis iure qui in est quaerat consectetur. Ab cumque voluptatibus reiciendis et.', 1786, 6, '2021-03-25 10:39:57', '2021-03-25 10:39:57', NULL),
(9, 'HXsvQVoUTZ', 'Qui rerum odit molestias et nisi. Sunt aspernatur quia quasi. Possimus ut sed culpa non ut et. Occaecati atque veniam nulla a eveniet voluptatem. Et velit illo qui quos qui dolore rerum. Dolores iure sint sunt eligendi nemo laboriosam. Debitis nihil saepe fugit. Ut enim in quaerat sit. Accusamus veritatis non nemo enim minus sapiente cupiditate. Labore deserunt delectus consequatur.', 1776, 1, '2021-03-25 10:39:57', '2021-03-25 10:39:57', NULL),
(10, 'tvjc7YOrdx', 'Voluptatem ut deleniti voluptatem illo est. Aut est quae qui architecto neque. Tempore qui consectetur quo delectus iure accusamus quae. Nostrum tempore est eligendi illo sapiente iusto. Accusantium ex dolores dolores deleniti. Quo qui iste aliquam accusamus sed illo ut soluta.', 1807, 7, '2021-03-25 10:39:57', '2021-03-25 10:39:57', NULL),
(11, 'vPAL2vMVmH', 'Occaecati quos corporis illum sit dolorem. Ut quae autem repellendus saepe quo officiis nulla. In illo nesciunt tempora non ducimus praesentium. Et sed quis alias id omnis corrupti voluptate. Debitis sunt sed quo quo eos. Ducimus excepturi in officia temporibus rerum aut sed. Aut qui facilis tenetur harum voluptatem.', 1599, 1, '2021-03-25 10:39:57', '2021-03-25 10:39:57', NULL),
(12, 'vh8uN7YN5f', 'Ut laborum est distinctio hic voluptas omnis perferendis. Qui omnis rerum praesentium ex dolore. Sint id quos ab sed sit molestiae et tenetur. Nostrum voluptatum doloribus excepturi nesciunt laboriosam consequatur. Exercitationem necessitatibus facere soluta facere quibusdam adipisci. Eum facilis sint nulla vel. Accusantium rem porro ab ut qui. Quia facilis quod molestiae assumenda.', 1622, 6, '2021-03-25 10:39:58', '2021-03-25 10:39:58', NULL),
(13, 'cxb2bABoG7', 'Adipisci id molestias expedita consequuntur sit. Enim dolorum vel rem sunt velit. Iusto possimus ut doloremque qui tempora vel tenetur. Quae aut assumenda dolor sit. Quia nulla iure accusantium illum porro. In id quis dicta nihil vel cumque. Natus cumque et rerum quis quis ut. Dolorem aliquam beatae perspiciatis. Saepe et sed voluptate. Velit consequatur tenetur voluptates omnis illo cum.', 1236, 7, '2021-03-25 10:39:58', '2021-03-25 10:39:58', NULL),
(14, '8YXDhfaa3b', 'Atque dolorem modi similique debitis. Ut ad inventore quia aut est molestias. Ut non repudiandae perferendis assumenda suscipit. Hic sunt qui accusantium soluta similique nobis eum. Ut corporis voluptatum veritatis dolores iusto quia explicabo. Animi nostrum et sequi impedit minus sit. Et ea non fuga voluptatem et non mollitia aperiam.', 1926, 4, '2021-03-25 10:39:58', '2021-03-25 10:39:58', NULL),
(15, 'HzB4idA75M', 'Et sit molestiae aut soluta et id eum dolorum. Unde eligendi et voluptates nobis ipsam qui. Sint qui in in eveniet totam consequuntur. Unde aut ut et sint quo. Quibusdam et et nihil. Assumenda ratione dolor cum enim modi minima. Nisi non at architecto est molestiae alias provident. Et deleniti enim minus eius tempora veniam assumenda laboriosam. Qui eaque minus saepe.', 1984, 2, '2021-03-25 10:39:58', '2021-03-25 10:39:58', NULL),
(16, 'BLCrzqABeQ', 'Excepturi animi quaerat harum ea nihil omnis et. Aspernatur animi nesciunt quia ducimus ut velit. Cumque dolorem quasi voluptatem nostrum facilis eius. Qui neque amet sed sequi. Qui veniam soluta iusto dicta. Suscipit nam nulla et rerum. Dolores amet eum sed quod et vero aut. Recusandae eligendi voluptas ut nobis. Voluptas laborum aut minima voluptatem id.', 1482, 5, '2021-03-25 10:39:58', '2021-03-25 10:39:58', NULL),
(17, 'qIFBvnwl1S', 'Ut et aspernatur porro dolorem ullam iusto. Maxime sunt ipsam ad velit. Odit esse amet totam provident beatae cum. Non numquam eos maiores dolore. Quis enim nam et et sed voluptatem autem. Tempore est aliquid distinctio dicta repellat odio. Quisquam ut similique possimus ipsam voluptas. Quisquam et pariatur et aliquam assumenda ea consequatur delectus.', 1309, 7, '2021-03-25 10:39:58', '2021-03-25 10:39:58', NULL),
(18, 'wOtpq1mXWR', 'Eum voluptatem tempore sint illo. Qui sit dolorem molestiae quos. Eaque nisi asperiores iste est nostrum et. Porro consequatur quis cumque consequuntur quaerat. Aut alias consequatur voluptatibus voluptatem qui consequatur fugiat architecto.', 1818, 4, '2021-03-25 10:39:58', '2021-03-25 10:39:58', NULL),
(19, '9SOxJGwutt', 'Quidem quas quo cum ea et. Doloremque quas voluptates eveniet hic modi dolore. Iste non eveniet distinctio in. Doloribus quo ut qui magni sit velit cupiditate. Voluptas assumenda eos ex. Natus vero veritatis tempora nobis voluptatem. Eos eligendi cupiditate qui quis. Illo temporibus optio ipsam.', 1173, 4, '2021-03-25 10:39:58', '2021-03-25 10:39:58', NULL),
(20, 'aBbJ3ZQ8SL', 'Iste doloremque cupiditate aliquid et modi qui. Placeat eos qui ipsum est quia. Amet corporis occaecati voluptas sint. Expedita vero ab facere suscipit. Consequatur nisi eius quia officiis corrupti. Corporis voluptatem voluptatem ut ratione et iste. Autem dolorum deleniti cum quia molestiae quia voluptate molestias. Sint laboriosam voluptate ut vel quibusdam illo.', 1445, 1, '2021-03-25 10:39:58', '2021-03-25 10:39:58', NULL),
(21, 'hMAL9zar7O', 'Ut neque dignissimos quam. Reiciendis dolores enim quibusdam molestiae vel voluptas ut sapiente. Dolorum adipisci est id ut non. Incidunt laudantium asperiores aliquid velit nihil inventore tenetur. Cumque dolores voluptates facere sint nihil deleniti ea. Hic doloribus reprehenderit id est repellat.', 1564, 4, '2021-03-25 10:39:59', '2021-03-25 10:39:59', NULL),
(22, '2fFukBClmN', 'Nam eos ab quos est ea in vel. Deserunt cupiditate repudiandae doloribus iure perferendis. Ut voluptatem voluptatem et alias. Tempore illum sunt voluptate dolorem voluptas rem. Explicabo rerum maiores saepe autem quaerat quia iusto. Natus eaque suscipit dicta incidunt quis vel autem. Est quidem ut voluptatem. Omnis ducimus officiis et architecto enim aliquam.', 1732, 5, '2021-03-25 10:39:59', '2021-03-25 10:39:59', NULL),
(23, 'mGPucL80NK', 'Velit voluptatem consectetur eum animi commodi aut quasi deleniti. Neque reprehenderit quae nobis voluptas deserunt incidunt assumenda. Dolore qui molestias laudantium et. Maiores quas rerum adipisci quo blanditiis. Quia minus error praesentium quisquam error. Nesciunt minus minus aut repudiandae sed qui eius. Dicta dolorum vel deserunt unde et.', 1885, 5, '2021-03-25 10:39:59', '2021-03-25 10:39:59', NULL),
(24, 'OxmVYjSG6y', 'Unde eligendi eaque id ut nesciunt tenetur delectus vel. Nobis ex neque reiciendis dicta quaerat et quibusdam et. Qui fugiat repellat culpa modi pariatur quos. Enim id quam neque quod. Eligendi minus eum reprehenderit at modi. Quas rerum enim delectus et sed sed magnam fugit.', 1883, 8, '2021-03-25 10:39:59', '2021-03-25 10:39:59', NULL),
(25, '2rIW9Di2E5', 'Quia consectetur et laborum dolores sit sint. Cupiditate aut dolorum quas occaecati culpa. Voluptatem illo possimus ad sit est sed iste. Quia iste ut illo inventore at enim velit. Fugit mollitia molestiae aut unde eligendi. Omnis libero ex architecto quod et voluptas ipsam.', 1199, 4, '2021-03-25 10:39:59', '2021-03-25 10:39:59', NULL),
(26, 'kYdTcIzIBW', 'Blanditiis eligendi voluptas consequatur ipsam beatae quo et. Consectetur nemo et vel accusantium. Quaerat quaerat blanditiis et occaecati in et. Voluptas officia tempora omnis autem nisi. Voluptatem autem ducimus dignissimos rerum saepe corporis sed. Ratione velit eaque sint corrupti voluptas optio hic blanditiis. Sequi sapiente optio omnis temporibus nisi incidunt aperiam.', 1390, 9, '2021-03-25 10:39:59', '2021-03-25 10:39:59', NULL),
(27, 'xFaZQycfi1', 'Consequatur quisquam eum quam voluptatem consequatur adipisci. Ut voluptatem sint aspernatur quia aut eveniet. Soluta soluta quis eius itaque. Dolor accusantium ut et excepturi omnis sapiente. Eaque dignissimos est ab cupiditate commodi id adipisci. Adipisci in facere non quas voluptatem. Animi velit sit quos nobis.', 1480, 3, '2021-03-25 10:39:59', '2021-03-25 10:39:59', NULL),
(28, 'eA1v3qo09o', 'Aliquam fuga fugit qui velit non. Nesciunt est quia ex eos unde. Officia nam incidunt aut natus ut vero est. Id occaecati nobis dolorem enim. Maxime reprehenderit iste consectetur quos provident. Sed incidunt in optio. Autem voluptatem cum ut natus maiores. Eaque quidem est blanditiis porro magnam quia voluptatem. Nostrum vero ipsum eligendi et expedita vero. Et aut sed aut rerum.', 1364, 1, '2021-03-25 10:39:59', '2021-03-25 10:39:59', NULL),
(29, 'Wmf6Yn8yY5', 'Ut reprehenderit accusantium delectus. Illo suscipit adipisci ea aut commodi iusto. Molestiae sint ipsa molestiae nemo magni. Quis sed et quas temporibus doloribus iusto vel. Consequuntur beatae quibusdam sunt dolores praesentium vitae. Ut est asperiores sint suscipit dignissimos.', 1728, 7, '2021-03-25 10:39:59', '2021-03-25 10:39:59', NULL),
(30, 'i2crnpAsh2', 'Et aliquam consequatur ut autem quis beatae ratione. Unde iure sed sit corporis. Quo esse occaecati sunt voluptatem optio. Vero voluptatibus illum maxime omnis. Esse quasi inventore aut qui. Libero exercitationem labore commodi odio sed. Sed ea itaque illo ad. Tempora inventore possimus dolor odio sit nobis voluptatem. Ipsa ipsam cumque culpa quos sit unde.', 1660, 7, '2021-03-25 10:39:59', '2021-03-25 10:39:59', NULL),
(31, 'DvrJFiQqPH', 'Quidem earum hic repudiandae officia aut. Ab cumque alias occaecati est sunt ut. Quia nisi ut doloremque omnis consequatur aut exercitationem. Ut dolor non nulla quibusdam excepturi architecto. Consequuntur et quasi est quam. Vel quasi saepe in eum quidem voluptatem maiores adipisci.', 1010, 10, '2021-03-25 10:39:59', '2021-03-25 10:39:59', NULL),
(32, 'hHVyEeDhqF', 'Consequatur velit cupiditate quaerat dolore eligendi. Aut perspiciatis quos corporis. Ut dolore iure quasi facilis temporibus nisi dicta. Facere enim dolores ex nihil error dignissimos. Omnis nihil aspernatur exercitationem laboriosam officiis. Est qui quas accusantium itaque sint consequatur illo sint. Placeat provident iure qui ab molestiae commodi totam.', 1476, 4, '2021-03-25 10:39:59', '2021-03-25 10:39:59', NULL),
(33, 'VSiTdYGX7e', 'Possimus eum commodi sed eos recusandae. Iusto illo voluptas deleniti. Et ullam porro quidem quia illum et voluptas magnam. Et inventore expedita ut. Eos suscipit quos vero ut et in officia. Repellendus dicta soluta eos. Nobis ut totam maiores animi. Ut dolorum in eius velit facilis. Voluptatem hic sunt tenetur officia quam. Cumque sint at ducimus fuga.', 1737, 6, '2021-03-25 10:39:59', '2021-03-25 10:39:59', NULL),
(34, 'xEpUqsG95M', 'Voluptatum esse quas tempora aperiam corporis omnis. Accusamus soluta sed beatae voluptatum rerum. Adipisci porro qui ut ipsa molestias ea. Nihil magni inventore maxime. Dolore nobis pariatur ad veniam voluptatem voluptatem et. Omnis qui ratione sint ipsum voluptatem libero. Et et aut quas reiciendis enim molestias eum deleniti.', 1191, 1, '2021-03-25 10:39:59', '2021-03-25 10:39:59', NULL),
(35, 'qm6fDHXuwZ', 'Non praesentium asperiores sequi recusandae est cumque. Vel totam quae est id. Illum aut qui eos doloribus ex quam. Quasi laboriosam est quis alias et. Qui non vitae dolores non. Deserunt et ut nulla et iusto facilis quam. Minus iusto alias molestias accusantium repellat nulla ut.', 1128, 9, '2021-03-25 10:39:59', '2021-03-25 10:39:59', NULL),
(36, 'U6UI2tZAJC', 'Maiores enim commodi necessitatibus alias facilis. Error sequi culpa quo aspernatur et debitis. Ad aperiam sequi enim rerum. Rerum similique in sed. Rem adipisci sunt quasi. Ipsam quidem dolore omnis porro voluptatibus dolorem aut. Aut quam occaecati voluptates. Sed eum provident omnis non qui est. Iure tenetur eligendi nihil aliquam. Culpa ea temporibus et.', 1431, 10, '2021-03-25 10:39:59', '2021-03-25 10:39:59', NULL),
(37, 'LGhdnp3ZQV', 'Nesciunt autem sit odit. Facere ab qui earum eum. Omnis mollitia voluptatem laboriosam commodi. Asperiores sed hic veniam et. Repellendus saepe sint voluptas voluptas. Porro sit voluptas ipsa porro dolorem. Eos expedita debitis optio nemo voluptatem. Eos qui adipisci est et. Eveniet officiis quos officia porro.', 1669, 4, '2021-03-25 10:39:59', '2021-03-25 10:39:59', NULL),
(38, 'uBxVaqgr4k', 'Cum possimus voluptatibus nulla consequuntur voluptatem doloremque. Nihil quasi porro placeat ipsum molestiae consequatur. Dolores autem sed dolore quasi architecto perferendis. Officia libero rerum repellat sequi provident. Quisquam facere quasi fugit atque iure atque ea. Id nam sunt recusandae possimus. Et dicta sit ut enim.', 1125, 5, '2021-03-25 10:39:59', '2021-03-25 10:39:59', NULL),
(39, 'cvbnbenbAO', 'Aperiam ad dolores voluptatem facilis dolorem alias aut. Qui ipsa quos et vel et. Doloremque dicta fuga sed molestiae qui. Voluptatem eius iusto repellat temporibus. Corporis ullam quaerat non ea ratione ut sunt. Cum voluptates nisi mollitia et eaque quia labore in. Incidunt deleniti non aut veniam laboriosam quos.', 1285, 2, '2021-03-25 10:39:59', '2021-03-25 10:39:59', NULL),
(40, 'XlMTiC91MI', 'Officia ut ea dolorum possimus asperiores qui. Labore dolorem expedita molestiae. Dolor architecto qui praesentium ipsam. Natus omnis sunt et fuga hic quia nihil. Quisquam voluptas natus enim illo aliquid aliquam. Optio eum neque temporibus et error voluptate optio voluptas. Magni omnis deserunt adipisci omnis dolor dolorem magni impedit.', 1934, 7, '2021-03-25 10:39:59', '2021-03-25 10:39:59', NULL),
(41, '4IBmbbUdyh', 'Aperiam nihil in ducimus odio ad ut. Porro voluptas repellendus exercitationem neque aperiam deleniti. Dolorem odit reprehenderit dolorum fugit quis tenetur incidunt. Voluptas officiis placeat est numquam earum asperiores et.', 1152, 7, '2021-03-25 10:39:59', '2021-03-25 10:39:59', NULL),
(42, 'TjIjXEiDKU', 'Illum accusamus quasi quia blanditiis doloremque non magnam. Illo tempora maiores animi nobis in id. Sed minima veniam et sint sed sed. Quaerat hic saepe excepturi quia et. Voluptatem provident et magnam minus. Ad quia ut quibusdam doloribus temporibus. Molestias earum sit veritatis minima numquam. Et accusantium quisquam quos odio dolorem.', 1535, 3, '2021-03-25 10:39:59', '2021-03-25 10:39:59', NULL),
(43, 'glrRWvHmnY', 'Explicabo praesentium nesciunt nisi qui a. Sit et nulla et sit qui aut soluta nisi. Quia autem beatae error ut. Ullam suscipit quaerat omnis et. Optio voluptatum voluptatem est. Eligendi quod et dolore dolor fuga cum reprehenderit necessitatibus. Suscipit iure distinctio aut omnis vel porro. Odit sint vel sed quas aut ex. Et quia et cupiditate quo. Voluptas nihil eveniet explicabo nemo quae.', 1127, 6, '2021-03-25 10:39:59', '2021-03-25 10:39:59', NULL),
(44, 'iE97JlBduI', 'Ratione modi rem autem expedita ipsum accusantium optio. In fuga nisi voluptas recusandae et quia ab. Nihil velit voluptas sit ut dolorum reprehenderit sequi. Eveniet dolor similique dignissimos voluptatem est tempore et et.', 1888, 10, '2021-03-25 10:39:59', '2021-03-25 10:39:59', NULL),
(45, 'TuMKwi2L7g', 'Deleniti minus deleniti quis minus. Dolorum consectetur corporis magnam. Temporibus sit corrupti sunt aut placeat eos. Tempore accusantium atque at et aut at dolorem. Enim adipisci quia qui ducimus aut. Placeat quae ut exercitationem excepturi debitis provident qui. Qui laudantium magnam repellendus amet illum. Tenetur in aut voluptas. Tenetur fuga eligendi est nisi consequatur autem mollitia.', 1535, 5, '2021-03-25 10:39:59', '2021-03-25 10:39:59', NULL),
(46, 'FsYZa3BVpq', 'Quia distinctio et voluptatem rem. Est ad vel et ad rerum. Ipsum dolor modi cumque ut eius. Ducimus ipsa et et perferendis officiis. Iusto eaque veritatis quisquam non et quod. Minima id excepturi nemo ut perferendis et. Et et ad omnis recusandae voluptas enim praesentium. Voluptatem sed necessitatibus quasi fugit aliquam iste et.', 1833, 5, '2021-03-25 10:40:00', '2021-03-25 10:40:00', NULL),
(47, 'hhCUWqmOiT', 'At iste vitae consectetur sunt est cumque ab. Magni libero praesentium fugiat cupiditate eos. Saepe excepturi praesentium odit eveniet eius explicabo. Enim qui officia officiis dignissimos rerum necessitatibus. Qui reiciendis quaerat molestiae odio. Harum libero ea sed nostrum quia quibusdam hic. Dolorum quia et accusamus veniam voluptas sint ex saepe. Sit blanditiis et eaque dolores.', 1560, 3, '2021-03-25 10:40:00', '2021-03-25 10:40:00', NULL),
(48, 'UXYLFNVtN7', 'Illo aut quia saepe consequuntur repudiandae. Maxime et magni deserunt ratione corporis et. Voluptatem temporibus nobis quia. Suscipit soluta nihil velit exercitationem voluptas. Magni odio illum error quia. Sint impedit ipsam quos consequatur vitae exercitationem vel. Voluptates dolorem omnis excepturi non ea. Non minus fuga voluptas. Ut ex vitae quos ex provident et non. Omnis voluptas aut ab.', 1157, 7, '2021-03-25 10:40:00', '2021-03-25 10:40:00', NULL),
(49, 'V7NKo435is', 'Pariatur voluptatem enim architecto quod veniam. Rerum laboriosam assumenda quae pariatur. Sint saepe quo exercitationem expedita sit. Facilis asperiores dolor exercitationem aut. Rem quo dolorem sed doloremque qui tempora. Ullam nihil in aspernatur ea vero tempora. Sed eum fugit atque modi magni. Sequi quia quis a inventore ea omnis et ratione.', 1356, 2, '2021-03-25 10:40:00', '2021-03-25 10:40:00', NULL),
(50, 'Y4XGplf0ic', 'Quis temporibus sint necessitatibus sint sed in. Repudiandae id et rerum voluptatem dolorem. Molestiae eum natus vitae autem rerum omnis odit incidunt. Labore dolorum vel quod repudiandae. Aspernatur optio odit cupiditate quasi perferendis. Delectus error laboriosam perferendis ratione distinctio mollitia necessitatibus. Ut non accusamus odio deleniti dolores ut omnis. Esse libero laborum nam.', 1058, 2, '2021-03-25 10:40:00', '2021-03-25 10:40:00', NULL),
(51, 'xdzJfj5TWo', 'Quia accusamus et veritatis qui. Animi debitis nostrum temporibus iste quia possimus. Eius est ipsam fugiat minima consectetur quia. In dolorem unde ut saepe. Deserunt id eos quidem deserunt esse. Nobis quaerat eum fugit voluptatum omnis.', 1530, 8, '2021-03-25 10:40:00', '2021-03-25 10:40:00', NULL),
(52, 'egsB8vmlYk', 'Minima in aut vero velit mollitia a aliquid. Molestias et dolores ratione ut commodi. Quaerat ratione repellat et commodi. Hic vel deserunt modi quo. Qui incidunt earum quia numquam est officia ut sed. Sint iste molestiae ducimus expedita harum. Consequatur consequatur et voluptates omnis adipisci minima. Aliquam quia fugiat nam qui ut aut sed.', 1295, 2, '2021-03-25 10:40:00', '2021-03-25 10:40:00', NULL),
(53, '62dv5y904z', 'Aut laudantium sed animi nam sed est. Ipsa animi enim ut aliquid odit. Dicta iste qui dolorem molestiae eveniet sed a. Inventore suscipit omnis aut atque. At dolores amet est quasi sunt. Dolor voluptatem dolor aliquid omnis facilis eius. Nulla ducimus cumque quaerat sapiente aspernatur. Architecto in laudantium delectus ad similique vero sed. Sequi id quam modi excepturi est est velit quas.', 1050, 3, '2021-03-25 10:40:00', '2021-03-25 10:40:00', NULL),
(54, 'plOzPbNXQX', 'Provident at et et maiores delectus et. Rem explicabo cumque fuga similique omnis voluptatem. Consequatur et earum nisi et. Nihil modi ut eius earum sed delectus cum.', 1231, 5, '2021-03-25 10:40:00', '2021-03-25 10:40:00', NULL),
(55, 'Xg6zGkGzbc', 'Ipsum quas rerum earum rerum doloribus error fugiat voluptatem. Deleniti cupiditate aut aut iste. Molestiae recusandae temporibus aut facere. Dolorem ut qui error ex beatae aut. Asperiores quia velit quas animi nam corrupti.', 1284, 8, '2021-03-25 10:40:00', '2021-03-25 10:40:00', NULL),
(56, 'QDMOjH8Mz9', 'Ut voluptatem illo nulla dolores veritatis voluptatem. Qui sapiente dolores dignissimos repellendus. Fugiat laborum iusto velit. Aspernatur ratione debitis molestiae totam vel. Dolor voluptatum aliquam inventore fuga eaque odit eum. Magni quos est sed sapiente. Corrupti quam quia provident et.', 1149, 10, '2021-03-25 10:40:00', '2021-03-25 10:40:00', NULL),
(57, 'dT3zNnqLHA', 'Omnis consequatur consequuntur est vero. Quis quos quis dignissimos fuga blanditiis. Possimus velit pariatur deleniti placeat beatae voluptatibus id perspiciatis. Temporibus laboriosam praesentium aut consequatur. Qui doloremque odit porro facilis quis dolor. Quod consequuntur perspiciatis consequatur accusantium sint molestias. Suscipit iure veritatis vero sunt.', 1304, 4, '2021-03-25 10:40:00', '2021-03-25 10:40:00', NULL),
(58, 'ktjkzOdLWe', 'Ut necessitatibus iste id a laborum et. Voluptates et velit et. Voluptas tempora excepturi sit quidem id voluptatem nostrum qui. Et incidunt reiciendis dolorem exercitationem accusantium dolorem. Velit facilis aspernatur voluptatem iste. Fugit praesentium omnis praesentium quia doloribus et earum omnis.', 1703, 4, '2021-03-25 10:40:00', '2021-03-25 10:40:00', NULL),
(59, 'P7YtlqMNKj', 'Et ipsum qui animi qui voluptatum molestias explicabo facilis. Sunt nostrum aut fuga non pariatur corrupti. Non eaque dolorum consequuntur dolorem animi totam. Autem aliquam error itaque et enim. Nostrum in nihil pariatur dolorem. Vel veritatis quas alias sapiente vel. Explicabo nihil ab libero quidem. Expedita repellat deleniti sed tenetur voluptates sunt. Ut perferendis ipsa maiores libero.', 1348, 8, '2021-03-25 10:40:01', '2021-03-25 10:40:01', NULL),
(60, 'mT5lvGOdXr', 'Et eos ut sunt aspernatur totam harum. Aut quis maxime aperiam possimus tenetur est nostrum. Labore enim eligendi officia cumque quos. Quo quia amet et quis maxime dolorem. Et animi expedita illo voluptates adipisci qui. Illum voluptas labore pariatur. Ea repudiandae et cum non provident autem nam quod.', 1176, 6, '2021-03-25 10:40:01', '2021-03-25 10:40:01', NULL),
(61, 'dnLDpmlhNA', 'Temporibus similique distinctio et itaque enim et. Nobis porro nam sed quasi voluptatem. Ad saepe dolorem tempore sed nisi. Ut sed excepturi accusantium similique harum atque quia. Commodi a debitis eligendi dolor modi qui. Est similique ab accusantium illum ut. Aut sit dolore voluptates repudiandae et aut ea.', 1107, 1, '2021-03-25 10:40:01', '2021-03-25 10:40:01', NULL),
(62, 'JcIQlT2cuQ', 'Officiis dolores non nihil quae. Distinctio dolorum magni qui autem vitae alias. Molestiae minima consequuntur ipsam illo at omnis. Qui magni quia et nostrum non. Dolorum sed ea dolorem qui voluptates. Magnam molestiae delectus et id perferendis nemo laborum magnam. Nihil quis ea nesciunt nesciunt molestiae adipisci expedita sit. Dolor in ipsa facere deserunt.', 1617, 2, '2021-03-25 10:40:01', '2021-03-25 10:40:01', NULL),
(63, 'GUrGKMrS1T', 'A aut ut quod. Et exercitationem sit odio alias et. Distinctio quibusdam odit rerum dolorem quos. Id eos eveniet et modi nam consequuntur est. Laborum voluptatem praesentium tempora. Nostrum consequatur rerum ad atque omnis nostrum est. Qui et repudiandae nisi. Quae consequatur nemo excepturi enim. Voluptatem voluptate et error. Pariatur veniam non ratione molestias tenetur velit sed.', 1029, 9, '2021-03-25 10:40:01', '2021-03-25 10:40:01', NULL),
(64, 'QOiUH8Ral1', 'Deserunt eos at error magni. Sed nulla debitis voluptas et. Ut earum quos repellat eum nesciunt est eum. Et vel aspernatur voluptas nostrum. Voluptas aliquid qui est autem quia. Repellat veritatis sint aspernatur aut. Aut facilis molestias rerum.', 1684, 8, '2021-03-25 10:40:01', '2021-03-25 10:40:01', NULL),
(65, 'ml859l8NkX', 'Minus ut est voluptatem consequuntur. Aut atque et temporibus rerum architecto blanditiis praesentium. Ea voluptates molestiae commodi. Accusamus dolores repudiandae ut voluptates et ea repellendus distinctio. Explicabo consequuntur debitis repellat quas maiores ratione deserunt placeat. Vel quis atque quaerat eum optio hic. Est rerum distinctio voluptas natus.', 1042, 4, '2021-03-25 10:40:01', '2021-03-25 10:40:01', NULL),
(66, 'ycTDtnuTOV', 'Inventore exercitationem perferendis doloremque ut voluptas magni dolorum. Illo ipsum quam neque id aut earum. Velit sint voluptatem nulla facere et ratione. Aperiam accusamus ducimus est tenetur incidunt. Possimus unde dolores autem sed tempore molestiae iure vitae. Et occaecati minus rerum commodi omnis qui. Facere nulla dolor debitis temporibus.', 1812, 2, '2021-03-25 10:40:01', '2021-03-25 10:40:01', NULL),
(67, 'owaff3iqch', 'Mollitia error repellat quo. Quasi atque cupiditate optio iure non itaque. Sunt rerum quas eos rerum et ipsum enim non. Sed aspernatur atque molestias a. Sequi quam et excepturi molestiae velit tempora fugiat ab. Quis nihil quidem tempora aut. Est asperiores quae delectus earum unde.', 1004, 5, '2021-03-25 10:40:01', '2021-03-25 10:40:01', NULL),
(68, 'nEvrBgOnuq', 'Consectetur vero rem error recusandae. Magnam expedita eius similique nesciunt. Ut animi itaque necessitatibus dolore minus est. Debitis praesentium molestias id voluptates perferendis. Eum aut ut beatae totam. Qui hic dicta ut alias. Temporibus rerum reprehenderit omnis.', 1960, 10, '2021-03-25 10:40:01', '2021-03-25 10:40:01', NULL),
(69, '2ykO4pQ0Q9', 'Quibusdam delectus quia in voluptatum dicta. Nihil cumque id quae culpa sapiente. Aut qui qui ut neque. Exercitationem reprehenderit enim quia eveniet amet nihil. Sit minima in sequi ullam. Autem voluptates nemo minima tenetur.', 1855, 8, '2021-03-25 10:40:01', '2021-03-25 10:40:01', NULL),
(70, 'NScgWZdm8F', 'Facilis fuga facere quia minima. Distinctio aperiam amet id voluptatem similique est. Ea distinctio autem laboriosam et non qui. Id sequi dolore quo aspernatur distinctio repudiandae. Laborum dolorem voluptas itaque expedita. Et et nam tempora qui laboriosam accusamus.', 1871, 6, '2021-03-25 10:40:01', '2021-03-25 10:40:01', NULL),
(71, 'S8bKsBOniP', 'Illum cupiditate quos enim explicabo non sint. Quia culpa necessitatibus unde velit voluptatum non. Et quam illum deleniti nostrum et magni velit. Voluptas sint qui quia velit esse quam. Quibusdam voluptates qui voluptas fuga autem. Ut error culpa nostrum dicta rerum vel doloremque. Quo optio consequuntur enim assumenda corporis necessitatibus. Et eos veritatis occaecati.', 1486, 6, '2021-03-25 10:40:01', '2021-03-25 10:40:01', NULL),
(72, 'aYAwa0M0CV', 'Architecto harum ut reiciendis vero sunt. Aliquam laboriosam qui laborum cupiditate accusamus sunt. Et eos ex molestiae et dignissimos. Rem magnam maxime nulla praesentium. Voluptatum qui iusto provident ducimus expedita. Et expedita dignissimos facilis. Eum sunt dignissimos adipisci non eos.', 1726, 2, '2021-03-25 10:40:01', '2021-03-25 10:40:01', NULL),
(73, 'WTBGLU1hNy', 'Quas voluptatum id iusto at qui rerum est soluta. Voluptatem iste aut cupiditate et at reiciendis. Saepe fuga exercitationem corrupti nisi voluptates dolorem et. Repellat eum dolor et dolorem earum voluptas. Cumque enim et ut fugit illum. At molestiae et quia nisi mollitia libero.', 1044, 1, '2021-03-25 10:40:01', '2021-03-25 10:40:01', NULL),
(74, 'aywUTOvVJY', 'Dolorem est quas explicabo quibusdam mollitia. Tenetur magnam quam cum sit itaque vitae. Non et aut ut quis. Neque dolore iusto in et est. Debitis reprehenderit iure veniam fuga repellat. In doloribus impedit quia est quis enim aut nisi. Et sit quod quo omnis facere voluptatibus. Accusantium qui vitae molestiae labore.', 1905, 2, '2021-03-25 10:40:01', '2021-03-25 10:40:01', NULL),
(75, 'hd2FdQrS4c', 'Magnam pariatur et neque quia totam perspiciatis qui. Tempora molestias id similique ipsam adipisci. Porro velit provident nihil necessitatibus voluptates reiciendis vero voluptas. Nam mollitia ex dolorem officiis. Cum vel quaerat expedita totam. Consequatur suscipit voluptatibus accusantium tempora ut libero quia.', 1193, 7, '2021-03-25 10:40:01', '2021-03-25 10:40:01', NULL),
(76, 'jsEneBNDQW', 'Iure recusandae nulla perferendis magnam quibusdam. Id amet vel fugit molestiae dolor fuga consequuntur molestias. Inventore quia libero laboriosam mollitia dolorem. Pariatur sit rerum quibusdam vel. Unde aliquam tempora enim qui distinctio. Qui eligendi ut quos atque quisquam id ex. Aut cum aut laboriosam dolores. Hic ratione exercitationem quis repudiandae.', 1237, 8, '2021-03-25 10:40:01', '2021-03-25 10:40:01', NULL),
(77, 'qsmyRFnr9Y', 'Explicabo tenetur iure qui et iure dolorem consequatur. Cum unde provident amet autem optio ipsam recusandae optio. Eaque placeat animi eum sint vero sint. Delectus rerum animi accusantium aut est.', 1071, 3, '2021-03-25 10:40:01', '2021-03-25 10:40:01', NULL),
(78, 'aIwdkWgRLg', 'Molestias consectetur deserunt vel voluptas nemo eos. Autem exercitationem ut totam perferendis. Provident occaecati culpa illo est minima. Voluptatem voluptatem voluptatem corrupti perferendis quidem. Et nesciunt quo quasi id est. Aut esse consequatur pariatur aut. Officia aut commodi enim quia est et delectus qui. Quam vero et facilis non nostrum error ea.', 1701, 2, '2021-03-25 10:40:01', '2021-03-25 10:40:01', NULL),
(79, 'sSr3x1ba4F', 'Eaque aliquid quae consequatur fugit. Voluptatem deleniti aut et omnis. Eius ipsam nam voluptates laudantium quam ea. Quisquam sit ut reprehenderit molestias. Nostrum blanditiis enim assumenda omnis. Incidunt asperiores ut rerum esse sit. Perferendis officia nihil officiis vitae inventore vitae. Error facere ex reprehenderit eum quidem.', 1586, 5, '2021-03-25 10:40:01', '2021-03-25 10:40:01', NULL),
(80, '6UCTN0x3gM', 'Dolorum velit minima eaque non repudiandae voluptas. Iste veniam aperiam nam sit recusandae. Possimus cumque architecto sunt ut. Ab necessitatibus voluptate architecto ipsam quia. Nihil rem ullam et quas eos. Corporis veritatis deleniti aliquid molestiae tempore aut. Excepturi sint velit dolorem. Quos dolor beatae est quia qui ex. Mollitia sit omnis a veritatis iusto similique est.', 1292, 7, '2021-03-25 10:40:02', '2021-03-25 10:40:02', NULL),
(81, '5tREjYJjdY', 'Quis id enim velit quasi. Rerum optio vitae debitis dolorem asperiores maiores. Est necessitatibus eum quas consectetur animi eveniet consequuntur. Consequatur sit beatae voluptate. Tempore saepe odit et voluptas et. Quaerat ea officiis aliquid quo officiis distinctio facilis. Natus culpa voluptate maxime quisquam et. Et ab quidem incidunt odit minima.', 1335, 5, '2021-03-25 10:40:02', '2021-03-25 10:40:02', NULL),
(82, 'aLgLyA1Qwh', 'Minus est quidem eum non occaecati minus. Minima id est neque deleniti cum sint commodi id. Porro possimus architecto laudantium ut. Voluptas quod fugiat et quia. Omnis cumque quos natus. Pariatur praesentium iure quia ea quas quaerat rerum.', 1990, 10, '2021-03-25 10:40:02', '2021-03-25 10:40:02', NULL),
(83, 'XcDdyh0AVH', 'Et optio voluptas rerum. Consequatur et quos voluptate veniam. Ducimus voluptatibus tenetur voluptatem natus eius quia quae. Ut labore dolorum totam et itaque qui enim. Optio minima odit fugiat in aut id repellat qui. Dignissimos sint aut eius libero non quis autem. Aut eum nesciunt aspernatur alias saepe sit et odit. Sit blanditiis et aliquid qui asperiores aut.', 1948, 7, '2021-03-25 10:40:02', '2021-03-25 10:40:02', NULL),
(84, 'R7EDbqwR0L', 'Laboriosam nihil nulla cupiditate sequi quaerat quis. Aspernatur et doloribus ipsam est quis facilis. Qui aliquid necessitatibus hic. Quis suscipit voluptatem quam fugit. Facilis iusto magnam consequatur esse quam qui. Suscipit blanditiis pariatur quis delectus voluptatem. Consequatur voluptatibus omnis quibusdam qui esse amet.', 1787, 2, '2021-03-25 10:40:02', '2021-03-25 10:40:02', NULL),
(85, '4nKGcoAN8v', 'Id neque illo quo corporis alias qui ad. Temporibus asperiores ullam quasi. Aut sapiente quod sunt voluptas iste minus. Occaecati quo quaerat eum dolores architecto. Ut voluptatem et hic et pariatur. Sed qui rerum sapiente qui corporis dignissimos quia. Deleniti minima eum commodi voluptatibus labore non. Delectus explicabo blanditiis cum sint. Voluptas atque sunt magnam unde et.', 1309, 4, '2021-03-25 10:40:02', '2021-03-25 10:40:02', NULL),
(86, 'vxIIqpU7TR', 'Aspernatur itaque dolores dicta. Explicabo voluptas dicta iusto quos. Excepturi est sint quae nihil quibusdam omnis quaerat. Sunt eum et sint delectus est. Nulla quasi qui dicta quos aperiam ea soluta. Libero cupiditate explicabo earum. Blanditiis laboriosam qui velit ea sapiente vero. Dicta asperiores numquam et quasi sint dignissimos qui.', 1796, 2, '2021-03-25 10:40:02', '2021-03-25 10:40:02', NULL),
(87, 'i2nposzFMD', 'Qui quae eius qui ut nihil totam quia illum. Sequi dolor sit ullam id est. Est in accusamus repellat distinctio voluptatem voluptates earum. Iusto qui ipsum facilis voluptas. Quod minus quo perspiciatis quo et quis dolores. Iure est tenetur iure aut consequuntur. Vero nam vitae sint et. Facere sed minus dolor illum. Alias sint quam perspiciatis fugiat illum assumenda harum.', 1960, 2, '2021-03-25 10:40:02', '2021-03-25 10:40:02', NULL),
(88, 'J0JoCCMCQZ', 'Accusantium natus aut illo rerum. Molestiae modi modi vero id quia veniam modi qui. Et animi ex omnis architecto ut. Exercitationem eos vel architecto quas. Sit non velit accusamus minima incidunt sequi tempore sed. Esse consequuntur tenetur culpa molestias exercitationem qui eos.', 1303, 8, '2021-03-25 10:40:02', '2021-03-25 10:40:02', NULL),
(89, 'AwAceXmx31', 'Et et sint dicta laborum. Numquam explicabo error tempora est corporis. Temporibus sed et minus enim odio rerum. Voluptate qui consectetur esse voluptas explicabo dicta qui odit. Possimus quod dolores ut modi corrupti quibusdam ex ipsum. Sit et distinctio voluptas corporis perferendis voluptates ut. Et sint at mollitia adipisci illum necessitatibus sed. Ipsum recusandae sit enim qui nihil.', 1327, 7, '2021-03-25 10:40:02', '2021-03-25 10:40:02', NULL),
(90, 'z96tDyJjun', 'Quis sit odit et dignissimos quisquam. Laborum tempora qui repellendus. Est autem ad aut dicta deserunt et. Repellendus reprehenderit harum qui est alias labore. Aliquid eaque error fuga est labore. Quidem ea officiis dolorem laudantium maxime non dolor.', 1543, 8, '2021-03-25 10:40:02', '2021-03-25 10:40:02', NULL),
(91, 'OCMxEbTPdf', 'Consequatur dolores nostrum vel eos magni dolore maxime. Vitae repudiandae architecto quos. Molestiae fugit voluptatem mollitia alias et perferendis. Velit facilis veritatis assumenda et. Vero ut et distinctio impedit. Ab ut nobis voluptate. Et sint rerum soluta. Inventore rem tempora iste ipsum voluptatem aliquam.', 1803, 2, '2021-03-25 10:40:02', '2021-03-25 10:40:02', NULL),
(92, '4IGWFaOHkY', 'Numquam voluptas harum rerum sed consequatur. Quis veniam reprehenderit at harum veniam sapiente. Consectetur molestiae necessitatibus delectus culpa illum. Voluptas nihil reiciendis nihil. Dignissimos quibusdam sunt eius consequatur at quia dolor. Nihil saepe omnis tempora quaerat. Dolores sit delectus corporis labore. Quia odio reiciendis quisquam. Qui earum id et aut voluptatem ut.', 1386, 4, '2021-03-25 10:40:02', '2021-03-25 10:40:02', NULL),
(93, 'xU7zAcQeul', 'Aut quibusdam quia suscipit autem iste voluptatem. Quia repellat magni molestiae vel ipsum suscipit ipsam quia. Earum nostrum illum dolores facilis delectus provident. Quaerat libero eveniet sunt in. Aut consequatur quo ea iste minima dolorem. Accusamus quaerat sit possimus et aut.', 1998, 7, '2021-03-25 10:40:02', '2021-03-25 10:40:02', NULL),
(94, 'HJxz7QYhOG', 'Praesentium temporibus quam fuga blanditiis ducimus delectus. Facilis quo veniam enim in. Aliquid autem odio hic consectetur quisquam. Blanditiis tenetur corporis qui non omnis qui voluptas. Nam nam ducimus veritatis minima voluptate. Doloribus impedit porro perspiciatis accusantium placeat voluptatibus ut incidunt. Labore veniam officia cupiditate assumenda.', 1295, 7, '2021-03-25 10:40:02', '2021-03-25 10:40:02', NULL),
(95, 'CzGSkRUUui', 'Consequatur ea voluptatem nesciunt molestias sequi. Non totam et qui. Placeat a rem quia. At quo omnis nihil illo repellat. Nihil sint ullam aliquam doloribus aspernatur. Eius aut quia quo cum deleniti aut cumque. Quaerat asperiores est et beatae eaque suscipit.', 1441, 9, '2021-03-25 10:40:02', '2021-03-25 10:40:02', NULL),
(96, 'uDXbaHMyxT', 'Dolorem aut veniam rem modi. Animi sunt aut doloremque nesciunt veniam. Ex et exercitationem incidunt. In in velit dolorum eos in. Repellendus molestiae similique sint cupiditate. Deserunt exercitationem architecto rerum inventore ut blanditiis. Fuga corporis enim id. Ab voluptates exercitationem et repellat. Dolor iure qui enim tenetur quia quaerat.', 1325, 8, '2021-03-25 10:40:02', '2021-03-25 10:40:02', NULL),
(97, 'G3aiH2fICl', 'Quod accusamus et molestiae praesentium ipsam accusantium. Nulla sapiente dolorem tenetur ipsa molestiae. Et ipsa iure vero placeat quia dolor. Iste et eos itaque eos voluptatem. Omnis qui harum minima. Fugit et et fuga quidem est. Veniam doloribus ipsa numquam vitae est amet nemo. Dolorem ducimus quam qui harum maxime. Quis corrupti nemo sit. Eum quia sit id quis voluptatem est.', 1685, 3, '2021-03-25 10:40:02', '2021-03-25 10:40:02', NULL),
(98, 'mci6cAy0rD', 'Optio quasi ullam quisquam. Quaerat sint cumque maxime consectetur ut. Illo reiciendis dolore laudantium autem odio voluptatibus. Eveniet iste mollitia ab quis ea. Sequi qui aperiam inventore quis assumenda quia. Ut molestiae temporibus eius magnam non repellendus accusantium blanditiis. Tempore dolor veritatis ut voluptatum.', 1114, 5, '2021-03-25 10:40:02', '2021-03-25 10:40:02', NULL),
(99, 'nZik2WgpXu', 'Sit architecto maiores beatae saepe. Velit est est placeat est sit quasi excepturi. Est porro sint ut dolores. Asperiores a dolor minus in aperiam ex maiores. Voluptatum numquam cumque voluptas nobis voluptatem tempore. Blanditiis vel consequatur nulla odit quo blanditiis ullam aliquid. Debitis consectetur culpa est minima. Corrupti vero blanditiis hic saepe similique ut et quia.', 1930, 3, '2021-03-25 10:40:02', '2021-03-25 10:40:02', NULL),
(100, 'XeBa5LjFWE', 'Sed eos vel saepe rem. Rerum aut iure voluptas. Voluptatem et reiciendis mollitia sed non quas. Unde aut quidem sed odio. Qui quidem quia fugit blanditiis. Est aut et facere. Eos omnis explicabo officiis et quod. Quis qui ut non cumque illum. Ipsam nisi tempora dolorem ipsam sunt eius.', 1308, 6, '2021-03-25 10:40:02', '2021-03-25 10:40:02', NULL),
(101, 'asiv3iotlP', 'Commodi odio reprehenderit impedit occaecati. Eos recusandae excepturi natus sint expedita. Aut numquam doloremque numquam aliquid sed autem. Asperiores nesciunt itaque fuga suscipit ut. Delectus ab et rerum tempore quaerat aut doloremque. Delectus adipisci illo et aut debitis consectetur autem culpa. Aut similique et maiores et possimus nisi numquam.', 1476, 6, '2021-03-25 10:40:03', '2021-03-25 10:40:03', NULL),
(102, 'MdTOJJKsd3', 'Et explicabo et voluptates voluptatem magnam quia. Et laboriosam vel autem quia laborum eum optio ad. Doloremque fugiat incidunt voluptas suscipit. Sint sunt sapiente itaque commodi qui molestiae. Aliquam neque repellendus qui maxime.', 1211, 4, '2021-03-25 10:40:03', '2021-03-25 10:40:03', NULL),
(103, '67XBu8GiQf', 'Architecto et rem consequuntur libero soluta officiis ex perspiciatis. Quo in quisquam voluptas sit earum illum nobis. Officia sit et est quasi eum sit et vero. Ea et voluptas et pariatur at. Facilis dolore repudiandae ut non vero error. Quo dolor atque ut voluptatem aut modi. Aut dolor ut incidunt deleniti sint dignissimos doloremque molestiae. Ratione eum enim id nobis aliquid reiciendis.', 1640, 3, '2021-03-25 10:40:03', '2021-03-25 10:40:03', NULL),
(104, 'aklZeussv5', 'Placeat in consequatur temporibus error quia. Aliquam omnis laboriosam ut aliquam. Qui a sequi aperiam beatae voluptatem vero quis. Eum omnis earum earum minima. Sit ut voluptatem quo quis ducimus. Et modi consectetur consectetur omnis. Ut qui saepe est id qui. Aut dolor voluptate velit quia a mollitia. Quasi sint est nihil autem atque praesentium velit.', 1177, 6, '2021-03-25 10:40:03', '2021-03-25 10:40:03', NULL),
(105, 'juDXElG1K7', 'Modi consectetur ipsum omnis sed officia et. Et omnis cumque velit est qui. Ut est odio quo quasi non amet. Beatae corporis praesentium illo voluptas. In et tempora voluptate doloribus. Est expedita explicabo dolor. Et incidunt quis corrupti optio cumque. Libero voluptates aliquid quia pariatur hic illo. Eum quia dolorum laboriosam dolorem.', 1222, 1, '2021-03-25 10:40:03', '2021-03-25 10:40:03', NULL),
(106, 'NWFfK8Yf5u', 'Quam in omnis beatae iusto et. Aut commodi distinctio qui. Qui beatae veniam quisquam veniam laboriosam dolore consequatur. Deserunt consectetur inventore iste ut repellendus nesciunt rerum omnis. Velit eum nesciunt voluptatem amet assumenda. Rem expedita unde ducimus molestiae. Sunt a aut molestias neque quasi quia consequatur reprehenderit.', 1106, 6, '2021-03-25 10:40:03', '2021-03-25 10:40:03', NULL),
(107, 'Vz9ZhAByOD', 'Eos consectetur esse sint ad enim. Laborum autem dolor ex distinctio. Et ut reprehenderit qui temporibus mollitia nihil. Ut delectus et at consequatur. Expedita a fugiat illo laborum qui. Unde qui quidem occaecati necessitatibus minus dolores odio ducimus. Asperiores et rerum harum nisi quia. Pariatur officiis id distinctio ut doloribus.', 1596, 10, '2021-03-25 10:40:03', '2021-03-25 10:40:03', NULL),
(108, 'o4KpQxHRSJ', 'Quis et voluptatem facere voluptatem et consequatur ut sint. Et molestiae aliquid voluptatem facilis earum repellendus. Iure ut magni qui dignissimos. Aspernatur amet omnis quis ab. Quidem quia autem excepturi consectetur nam numquam. Alias ut minus similique aut nihil aspernatur dolores. Exercitationem ullam facilis explicabo. Non repellat at quisquam tempora dicta quo eveniet.', 1960, 7, '2021-03-25 10:40:03', '2021-03-25 10:40:03', NULL),
(109, 'quSGXIcW8F', 'Quia explicabo ut excepturi tenetur. Quos sed et vel repellendus. Aspernatur accusantium necessitatibus deleniti et. Reiciendis non necessitatibus in architecto in. Voluptatum eum occaecati quam. Blanditiis earum odio dolor eos expedita quis voluptatem. Vel repellendus sit qui dolor aut.', 1688, 1, '2021-03-25 10:40:03', '2021-03-25 10:40:03', NULL),
(110, 'D7CF46wrqE', 'Recusandae fugiat corporis possimus eaque. Et temporibus a et ad nostrum est. Vel molestiae magni et et nulla dolor tempora. Et libero atque at. Rerum quis laborum voluptatem debitis. Fugit nostrum minus alias tempore.', 1884, 9, '2021-03-25 10:40:03', '2021-03-25 10:40:03', NULL),
(111, 'X5mlsMazUX', 'Omnis omnis blanditiis asperiores. Molestias nihil dolorem aliquid. Minus in et et laboriosam. Eaque omnis perspiciatis quia nobis sit alias esse autem. Labore nam provident cum veritatis. Autem officia explicabo qui vero. Sit dolorem saepe veniam sed et et.', 1469, 9, '2021-03-25 10:40:03', '2021-03-25 10:40:03', NULL),
(112, 'RjGgd9fTyR', 'Necessitatibus sunt ab sequi voluptas. Architecto sit exercitationem sed eum quibusdam ut dolore. Rerum quidem velit omnis totam. Voluptas vero deleniti cum quia ut et consequatur ullam. Suscipit sit repellat accusantium sequi. Sed voluptatem in asperiores sunt eaque. Ea sunt animi quibusdam sed officiis eligendi. Aspernatur quasi asperiores officiis.', 1219, 4, '2021-03-25 10:40:03', '2021-03-25 10:40:03', NULL),
(113, 'CRsARAosSK', 'Harum tempore enim sit earum est rerum expedita. Et explicabo ut aspernatur est. Quasi aut temporibus in dolorem magni aspernatur. Consequatur vel nemo quis. Consequuntur asperiores commodi sunt velit qui dolorum. Sed sequi non et alias ex. Distinctio non et repudiandae.', 1429, 10, '2021-03-25 10:40:03', '2021-03-25 10:40:03', NULL),
(114, 'HVB3X7FmPl', 'Dolores reiciendis voluptate occaecati veniam suscipit ut porro ut. Ipsa necessitatibus quis in. Minima voluptatum sit itaque provident magnam tempore. Harum voluptatem dolorum modi rerum consequatur. Nam est qui voluptates officia vero et. Aut rem consectetur explicabo rerum quidem dignissimos quam. Ullam neque tenetur aut nemo. Atque sequi dolor eos blanditiis rerum delectus quam.', 1749, 9, '2021-03-25 10:40:04', '2021-03-25 10:40:04', NULL),
(115, 'W1JDPHSj7r', 'Explicabo illum deleniti deserunt possimus esse voluptates ipsum. Nihil ipsa voluptas minima veniam voluptas. Itaque nihil dolorem enim aspernatur sint omnis dicta. Veritatis earum animi eius totam voluptatum enim sit.', 1571, 4, '2021-03-25 10:40:04', '2021-03-25 10:40:04', NULL),
(116, 'WaXynKWpdW', 'Repellat eligendi autem fugiat ab impedit iure fugiat. Voluptatem eum aut dicta laudantium. Voluptatum iste ut molestiae ea. Ab tempora quis maiores earum. Delectus laborum ducimus quas officia repellendus ipsam. Quis eligendi quidem sint et.', 1041, 5, '2021-03-25 10:40:04', '2021-03-25 10:40:04', NULL),
(117, '6fnO6rTIXS', 'Quod et eos incidunt sed illo nulla et. Nostrum omnis libero sed vitae laborum. Earum doloremque explicabo nesciunt. Voluptatum enim alias voluptatem libero. Molestias tenetur eveniet eligendi reiciendis accusamus sequi modi eligendi. Est non placeat a explicabo. Maxime et qui laboriosam inventore et.', 1650, 6, '2021-03-25 10:40:04', '2021-03-25 10:40:04', NULL),
(118, 'Nm1tNjXNts', 'Sint in id iusto veritatis qui odit. Ullam iste occaecati facilis aperiam quae voluptas. Odio dignissimos quidem dolor at. Quia deserunt dolor modi velit aut. Adipisci qui molestias nulla nihil eos velit quia ab. Repudiandae molestiae quisquam quam facilis deserunt quas error ea. Sed commodi animi voluptate nihil neque ad impedit.', 1885, 6, '2021-03-25 10:40:04', '2021-03-25 10:40:04', NULL),
(119, 'e0NDWofi5w', 'Dignissimos tempore esse rem est. Ab debitis soluta vel asperiores quia enim et. Labore blanditiis qui ea error repellendus sequi eius. Mollitia nostrum cupiditate saepe non voluptatum quasi. Sapiente doloribus porro expedita deleniti aut quae est. Qui dolore quidem molestias molestiae.', 1182, 9, '2021-03-25 10:40:04', '2021-03-25 10:40:04', NULL),
(120, 'BOPnDdW0dE', 'Eum maxime quod iure occaecati fugiat omnis et. Repellendus hic illum accusamus. Eum voluptas quod rerum laboriosam rerum neque. Sit totam veritatis quo quam tenetur. Quae esse dicta laudantium praesentium aut. Quam voluptas qui veniam magnam. Debitis voluptas quia consequatur. Voluptatem iusto accusantium sit molestiae iusto. Exercitationem qui eius vero. Quo alias voluptatem cum quibusdam.', 1352, 8, '2021-03-25 10:40:04', '2021-03-25 10:40:04', NULL),
(121, 'XB7242l9uI', 'Esse aliquam nam itaque quidem inventore omnis fuga. Rerum atque dignissimos voluptatem officiis omnis. Dolorum ut et sit maiores et aut. Natus impedit et eveniet laboriosam. Amet fuga ut voluptatibus repellendus soluta blanditiis.', 1453, 10, '2021-03-25 10:40:04', '2021-03-25 10:40:04', NULL),
(122, 'N49z0ljYaJ', 'Et sit quia ut pariatur quia voluptatum id nulla. Saepe et voluptates impedit nesciunt. Fugiat voluptas delectus sit est. Nihil vitae deserunt excepturi. Sit impedit quisquam sunt mollitia necessitatibus eligendi autem et. Sit voluptas consequatur consequatur repudiandae quam porro dignissimos. Beatae voluptatum quo quam sit soluta distinctio. Autem ipsam repellat minima ex.', 1743, 6, '2021-03-25 10:40:04', '2021-03-25 10:40:04', NULL),
(123, 'pCZj7AJFvs', 'Magni accusantium ipsa in iure. Voluptas quo sit iusto nihil amet nemo. Et voluptatem voluptatem sed repudiandae expedita aut. Cupiditate voluptatem ut commodi iusto non. Placeat esse vel sunt sunt dolor. Velit impedit non voluptatem qui ex quibusdam eius. Esse neque ipsam quasi non necessitatibus id. Debitis velit quis est eligendi. Eveniet dicta temporibus in dolores non molestiae et impedit.', 1883, 7, '2021-03-25 10:40:04', '2021-03-25 10:40:04', NULL);
INSERT INTO `products` (`id`, `name`, `details`, `price`, `category_id`, `created_at`, `updated_at`, `specification`) VALUES
(124, 'j2ekUSMjUh', 'Minima sit qui magni ipsa rem molestias. Amet ut odit vero iure. Repellat qui est aliquam. Explicabo quidem et cupiditate. Voluptatibus dolorem ut quidem officiis. Eos exercitationem nam non ipsa omnis. Eos aliquam quasi facere sapiente minus vel deleniti. Natus perspiciatis eos esse iste quis sit laboriosam.', 1362, 2, '2021-03-25 10:40:04', '2021-03-25 10:40:04', NULL),
(125, 'HfsU6zBYAK', 'Similique dolor veniam aut ut laborum illo. Qui iure ipsa aspernatur alias dolor suscipit voluptatibus. Qui sed dignissimos dolores iusto harum illo vel. Tempore ut repellendus sunt dicta qui maxime doloremque. Et et ut sint aliquam quidem at. Inventore quasi amet mollitia quo. Consequuntur a consequatur voluptatibus amet.', 1747, 9, '2021-03-25 10:40:04', '2021-03-25 10:40:04', NULL),
(126, 'LGL4dILpAe', 'Deleniti hic harum assumenda rerum sed cum. A dolore rerum voluptatem aut nam. Nam ratione est aut similique a enim quisquam. Rerum delectus autem repellendus repellendus neque. Error maiores ut voluptatibus delectus rerum omnis.', 1766, 6, '2021-03-25 10:40:04', '2021-03-25 10:40:04', NULL),
(127, 'BvwInmbHgl', 'Sint cumque reprehenderit rerum quasi fuga maxime non eos. Id omnis qui laborum veniam earum ratione. Excepturi rerum sint ratione voluptas. Nisi aut praesentium laudantium nostrum. Nobis eos provident rerum. Qui id expedita asperiores praesentium ut. Quisquam illo occaecati atque consequatur aperiam. Id eveniet quaerat numquam recusandae magni. Minima porro non possimus autem quis fugit.', 1187, 3, '2021-03-25 10:40:05', '2021-03-25 10:40:05', NULL),
(128, 'G1eApW6Vf3', 'Quas quia et quia sed. Optio veniam ea consectetur accusamus voluptatum tenetur tempora. Voluptatem qui aut earum veniam et cupiditate ea distinctio. Sint rerum quis rerum est. Et corrupti repellat laboriosam eos quibusdam tempora doloribus voluptatem. Quibusdam eos numquam eos ad qui. Odit iste unde libero iste quos praesentium dolorem.', 1486, 1, '2021-03-25 10:40:05', '2021-03-25 10:40:05', NULL),
(129, 'ebtcqGcG05', 'Fugiat veritatis reiciendis quia ratione in ut occaecati. Et eaque consequatur dolores nam adipisci maiores. Culpa voluptatem molestiae sint. Molestiae magni laborum id et ipsa.', 1095, 8, '2021-03-25 10:40:05', '2021-03-25 10:40:05', NULL),
(130, 'evbA1tmLWW', 'Atque amet corrupti similique repudiandae aut et. Omnis ut voluptates accusantium. Placeat excepturi nostrum totam et dolorem vel modi dolorem. Quia velit rerum doloribus enim repudiandae minus. Vero laudantium vitae molestiae aliquam vel voluptatem id ducimus. Assumenda soluta ut reprehenderit assumenda. Est sapiente consequuntur iste.', 1710, 1, '2021-03-25 10:40:05', '2021-03-25 10:40:05', NULL),
(131, 'UbDcItHjHT', 'Magnam voluptatibus distinctio voluptatem voluptatem. Culpa beatae quas a quos temporibus. Alias quasi omnis qui non aliquam nam. Unde voluptas debitis doloremque ut eveniet. Hic voluptas consequuntur adipisci provident corporis et. Aut et et quaerat aut. Dolorum eius qui mollitia. Dignissimos id eum deleniti distinctio ut. Veniam sint ut ad sit. Necessitatibus quo necessitatibus fugiat.', 1040, 4, '2021-03-25 10:40:05', '2021-03-25 10:40:05', NULL),
(132, '4vM5pn1apH', 'Voluptatem dolore repellat quia architecto laudantium. Sequi voluptatum et quis est ut. Placeat et voluptatum consectetur sit non ipsam enim. Rerum odio nihil quis consequuntur. Quas laudantium sit recusandae ut ullam et. Accusantium delectus aperiam quia molestias labore. Tempore iure qui ut officiis rerum veniam vel. Velit illo quo sint ut.', 1539, 1, '2021-03-25 10:40:05', '2021-03-25 10:40:05', NULL),
(133, 'XGe12PYD8J', 'Sequi ut qui voluptatem officia et quidem dolor recusandae. Delectus dolores enim omnis deleniti. Nulla itaque nihil ab molestiae. Qui illum nulla impedit est quis. Veniam doloremque eligendi sapiente. Possimus quasi quas expedita. Est et debitis veniam et. Dolor doloribus quis et consequuntur odio voluptatibus necessitatibus. Atque dignissimos dolore suscipit odit vel exercitationem cumque.', 1544, 6, '2021-03-25 10:40:05', '2021-03-25 10:40:05', NULL),
(134, 'jGCKHhDhyD', 'Est ut itaque aperiam rem delectus aspernatur a sit. At repellendus rerum nam. Earum reiciendis omnis enim nihil quas. Atque consequuntur architecto quasi corrupti aliquam. Harum dolorem exercitationem sit aut possimus veniam et et. Culpa tempore laboriosam ad voluptatem dolorem quia dolores cum. Sequi debitis culpa hic dignissimos fugiat molestiae sint nesciunt.', 1294, 8, '2021-03-25 10:40:05', '2021-03-25 10:40:05', NULL),
(135, 'QycUmM5BQp', 'Perferendis dolor vel omnis nulla ea. Minima reprehenderit necessitatibus necessitatibus dolorem atque. Odit laboriosam aut expedita accusantium dolor nobis voluptatem quia. Architecto aliquid odit unde id ut. Natus suscipit omnis ut distinctio architecto. Voluptas voluptatem aut quia itaque quo. Animi et minus facilis. Dolorem vero autem voluptate ut quae.', 1375, 10, '2021-03-25 10:40:05', '2021-03-25 10:40:05', NULL),
(136, 'mBow7bEIDf', 'Totam aut iusto sit voluptas. Odio rerum libero non velit pariatur dolore. Libero sint eos dolore et. Ut veniam omnis vitae ratione quia delectus nostrum. Omnis consequatur illo voluptatem fuga dolore. Et placeat deleniti sit voluptas vitae quisquam. Itaque aliquam neque doloribus quisquam ut et. Expedita nesciunt ea qui asperiores. Culpa velit dignissimos recusandae aut velit amet.', 1163, 2, '2021-03-25 10:40:05', '2021-03-25 10:40:05', NULL),
(137, '6W0I5V894v', 'Quia amet perspiciatis quis ad. Rem harum autem et repellat recusandae. Voluptatem consequatur ut velit. Et aut aliquid sunt fugiat sint. Officia ea nesciunt pariatur et ab ut. Commodi ad dolorum ad. Non quia mollitia aspernatur consequatur. Aut inventore ut sunt illum ut. Ea quae sint at quaerat. Perferendis qui et quam dolor quia molestias vel.', 1526, 2, '2021-03-25 10:40:05', '2021-03-25 10:40:05', NULL),
(138, 'GiMYdpfw3S', 'Officiis deleniti et velit ipsum magnam. Aut ipsa reiciendis occaecati laboriosam excepturi. Saepe incidunt sit maiores animi incidunt. Molestiae consequuntur est eligendi quisquam aut. Tempora necessitatibus quas voluptate. Laborum expedita aperiam est sequi maiores qui sit. Placeat exercitationem sit commodi neque quia blanditiis.', 1361, 1, '2021-03-25 10:40:05', '2021-03-25 10:40:05', NULL),
(139, 'PfFYljdpJN', 'Quibusdam vel est quae illo porro eligendi. Neque et officiis illo. Voluptas nisi omnis tempora maiores facilis cupiditate. Expedita placeat consequatur quam ducimus rerum. Aliquid optio cupiditate officiis omnis ullam. Rerum officiis in tenetur natus officiis nisi consequatur.', 1056, 5, '2021-03-25 10:40:05', '2021-03-25 10:40:05', NULL),
(140, 'EeASw7wXRE', 'Totam dignissimos natus mollitia est aperiam. Natus dolor eaque ullam aut molestiae. Aut harum deleniti nihil veniam. Molestias iste inventore harum. Placeat praesentium esse harum magni. Illum dolores est in consequatur et ut commodi. Non tempore quisquam dolorum id sint.', 1242, 7, '2021-03-25 10:40:05', '2021-03-25 10:40:05', NULL),
(141, 'DjnXAbYQcG', 'Aperiam sit omnis ut cum ut voluptates. Minima sunt alias cupiditate explicabo labore assumenda quo. Consequatur molestiae facere beatae. Repellendus et et laborum consequatur at beatae ad. Quidem id fuga aspernatur minus. Illum excepturi incidunt tenetur ut nostrum consequuntur. Exercitationem est non non qui.', 1452, 5, '2021-03-25 10:40:05', '2021-03-25 10:40:05', NULL),
(142, '21wMfywEyr', 'Molestias est libero consequatur fugit dignissimos et ut. Autem est aut esse quas sit ipsa. Recusandae nesciunt maiores fugiat ut aut quod sapiente. Commodi voluptatum soluta cupiditate sunt veniam. Placeat aliquam rem quia tempore qui minus dignissimos corrupti.', 1590, 8, '2021-03-25 10:40:05', '2021-03-25 10:40:05', NULL),
(143, 'DNOLPlVprj', 'Fugiat ducimus dicta tempora quo rem. Explicabo ut atque enim accusantium. Aut amet labore velit repellendus architecto. Et labore est sit aspernatur. Explicabo consequatur nam aut corrupti quo. Quisquam nulla non beatae debitis a. Quisquam libero voluptas beatae velit repellendus.', 1046, 2, '2021-03-25 10:40:05', '2021-03-25 10:40:05', NULL),
(144, 'AZhnhcY5tO', 'Cumque consequatur voluptatum sed aut nobis accusamus. Autem ut nostrum voluptas qui optio facere. Odio eligendi qui placeat nostrum est fuga qui. Asperiores minus eligendi odit laboriosam itaque mollitia. Quos in rerum totam distinctio nihil inventore est asperiores. Vel mollitia omnis et sunt. Quas temporibus molestias molestiae ut reiciendis et atque. Non placeat voluptatem incidunt possimus.', 1234, 8, '2021-03-25 10:40:05', '2021-03-25 10:40:05', NULL),
(145, 'bXPFgLPL5U', 'Dolor aliquid ex incidunt. Enim nam qui nam repudiandae vero repellat. Dicta quidem natus consectetur cupiditate nostrum amet. Nulla qui quam minima in sequi hic quam. Cum quia illum illum molestias maxime aliquam ut. Aspernatur soluta aspernatur molestiae id. A recusandae ut voluptate quia nihil praesentium.', 1206, 3, '2021-03-25 10:40:05', '2021-03-25 10:40:05', NULL),
(146, 'rxFevH5GOv', 'Esse voluptatem vel sit enim. Quo voluptas qui voluptatem sint a qui aspernatur. Cupiditate est ut eos veritatis voluptatem delectus qui aliquid. Aliquam voluptas qui vero. Sunt quos suscipit vero officiis iusto incidunt. Aut nobis pariatur ut impedit quia aut similique provident. Dolorem dignissimos cumque sed. Et aut quod consectetur. Omnis quis dolorem accusantium neque.', 1250, 5, '2021-03-25 10:40:05', '2021-03-25 10:40:05', NULL),
(147, '4NFaqj9SKP', 'Earum unde est cumque commodi nostrum nihil. Est ea qui voluptates cumque commodi hic. Rerum et voluptatem alias veniam accusantium qui. Expedita repudiandae sapiente excepturi soluta. Sint aliquid quibusdam ut corrupti quis commodi. Non voluptas quo at. Eos pariatur porro quidem sed sint. Natus quod expedita facere occaecati. Error eius facilis dolorem facere laborum.', 1697, 10, '2021-03-25 10:40:05', '2021-03-25 10:40:05', NULL),
(148, 'A28szedd0l', 'Facere veritatis est id vel. Delectus aliquid in voluptatem enim. A est itaque cumque quis ut dolor. Incidunt illum vel repellendus non. Libero est atque nobis vitae. Maiores dolor id quo. Excepturi consequatur hic corporis repellendus velit ullam. Numquam maiores odit laborum nobis qui. Suscipit sunt tempora quae vel eum eos.', 1583, 7, '2021-03-25 10:40:05', '2021-03-25 10:40:05', NULL),
(149, 'ZJG8bNmW6I', 'Quia quasi cum ex architecto et expedita. Amet iusto facere et assumenda eveniet consequatur. Ut eum saepe rerum itaque sed fugiat sapiente. Quod in ut et enim quos. Qui mollitia harum earum fuga delectus deserunt. Asperiores recusandae maiores placeat quisquam vel. Vero illo dolor doloribus. Rerum distinctio omnis est quo odit deleniti et.', 1494, 3, '2021-03-25 10:40:05', '2021-03-25 10:40:05', NULL),
(150, 'lRhy0oG8Aw', 'Praesentium hic voluptatum tenetur. Est magni sequi sit culpa error. Impedit consectetur optio voluptatem. Facilis beatae quam molestias praesentium ut veritatis et. Magnam assumenda veritatis sed est in eos. Dignissimos iusto sed ab ut quisquam cupiditate pariatur consequatur.', 1366, 6, '2021-03-25 10:40:06', '2021-03-25 10:40:06', NULL),
(151, 'Sps5t9etpZ', 'Sed eos quam quis et enim. Non et libero enim quasi. Veritatis quia veritatis error odio. Vel voluptatem vitae illum vel culpa odit et. Quisquam ratione perferendis nulla. Corporis nam rerum rerum corrupti distinctio laudantium. Laudantium in culpa dolore placeat.', 1801, 3, '2021-03-25 10:40:06', '2021-03-25 10:40:06', NULL),
(152, 'PSDHJEdjaG', 'Asperiores dolorem aspernatur et dolore magni rerum. Consequuntur facilis quibusdam in aut facilis. Sint esse earum fugiat mollitia sunt quis. Aut est magnam vel voluptatem voluptas repudiandae culpa. Nihil facere dolorum non voluptatum est minima. Officiis et quasi tempora. Delectus est nostrum ut.', 1177, 3, '2021-03-25 10:40:06', '2021-03-25 10:40:06', NULL),
(153, 'ZbVmh6KZaV', 'Veniam ea voluptatem nam nisi. Architecto iste adipisci non accusamus modi. Ipsum sed fuga possimus eveniet omnis. Nemo et autem omnis. Eum debitis adipisci sint quasi a et. Magni facilis omnis aut fugit non. Voluptatum excepturi voluptas voluptate voluptatibus non. Explicabo soluta sunt impedit beatae. Fugit autem ut et sequi sunt non quos. Quam tenetur sunt et nulla qui maxime fugiat quisquam.', 1962, 2, '2021-03-25 10:40:06', '2021-03-25 10:40:06', NULL),
(154, 'XMGysTjm5J', 'Nisi consequatur voluptatem dolores nobis sit ex explicabo laboriosam. Iure commodi magni necessitatibus omnis. Ea aut qui velit maiores cum quibusdam perferendis. Placeat non eius excepturi pariatur. Ut inventore adipisci laudantium qui rerum. Ea labore excepturi doloribus nulla adipisci eos fugit.', 1292, 5, '2021-03-25 10:40:06', '2021-03-25 10:40:06', NULL),
(155, 'H5JrIwpHT8', 'Quas id soluta maiores. Ad quis explicabo eos non est at nulla. Et voluptatem in et optio. Ut sit hic sequi earum magni quasi dolor. Labore dignissimos numquam similique sit ullam repudiandae. Sapiente maxime eos iusto quasi. Unde unde distinctio quisquam sint vel quod maxime sed. Odio laboriosam soluta omnis. Quia aut officiis dolore. Illum ipsum est qui voluptatem.', 1340, 1, '2021-03-25 10:40:06', '2021-03-25 10:40:06', NULL),
(156, 'uwy9g7Lyfe', 'Voluptates sint cumque animi unde consequuntur blanditiis fugiat. Voluptatem voluptatum accusamus quis libero unde hic et. Quis nobis officia ut id modi accusamus et. Facilis qui at aperiam vero tempore voluptate. Quibusdam dicta et sint ut. Quia odit blanditiis ut veniam magni sequi et atque. Quam iure quo totam.', 1387, 3, '2021-03-25 10:40:06', '2021-03-25 10:40:06', NULL),
(157, 'rJmZuhJPk5', 'Cumque est ut doloremque et. Voluptas molestiae placeat sint commodi autem repellat dicta. Est quis sequi quia facere ab quia deserunt laborum. Facere ipsam consequuntur blanditiis perspiciatis. Nihil eos qui enim accusantium facilis. Aspernatur laborum deleniti fugiat impedit quas numquam omnis.', 1506, 1, '2021-03-25 10:40:06', '2021-03-25 10:40:06', NULL),
(158, 'dZXBj0dvhZ', 'Aut voluptates voluptatum est quidem nihil dolor. Minima id corrupti totam corporis sit sunt quae. Ea mollitia et ea quia odit nostrum. Aut ex sit odio facilis. Illo nulla est facilis iusto. Quo non aperiam eaque atque in. Mollitia minima voluptatibus id tenetur nesciunt rerum. Soluta eligendi error qui pariatur dolorum incidunt beatae repellat. Eos distinctio autem nihil quia.', 1581, 2, '2021-03-25 10:40:06', '2021-03-25 10:40:06', NULL),
(159, 'AMPA5KeUvl', 'Eum ea fuga tempora eum. Nostrum rerum fugiat deleniti quia. Id alias dolores nam nam. Quisquam illum et voluptatum reiciendis molestiae quo voluptas. Asperiores facere sunt praesentium deleniti. Consequatur distinctio aut aut earum molestiae aperiam rerum. Modi eligendi velit unde. Aliquid placeat nemo quisquam esse iure ea.', 1130, 8, '2021-03-25 10:40:06', '2021-03-25 10:40:06', NULL),
(160, '92JQkALV9M', 'Est sint eius eum reprehenderit quia. Labore quaerat accusamus autem et. Dolor cum recusandae ut ratione eligendi. Odio consequatur asperiores reiciendis temporibus maiores ut fugiat. Aperiam placeat ipsa id non cupiditate alias. Non placeat unde dolor quod deserunt nam. Iure aspernatur tenetur est.', 1437, 8, '2021-03-25 10:40:06', '2021-03-25 10:40:06', NULL),
(161, 'ZSUCDrYMhF', 'Non est rerum et dicta eos id harum. Et occaecati rerum asperiores illo aut quia. Quis ducimus commodi placeat nesciunt corporis. Eum ipsa qui tenetur nesciunt nam. Assumenda odit vel dicta ex aut quia. Id amet non et deserunt id. Tenetur officia eligendi autem velit aut. Qui et qui voluptas ex. Explicabo recusandae eos atque.', 1264, 6, '2021-03-25 10:40:06', '2021-03-25 10:40:06', NULL),
(162, 'MhcrHoVGXy', 'Inventore eum vero sint earum alias et. Blanditiis eligendi est iure eum. Iure illo ipsam ea quasi qui. Illum quod suscipit dolor perspiciatis temporibus est animi. Minima reiciendis molestias necessitatibus rerum dolorum cupiditate. Provident quod fuga natus ea maiores et reiciendis libero. Eos quod velit repellat.', 1892, 1, '2021-03-25 10:40:06', '2021-03-25 10:40:06', NULL),
(163, '6LDDaveMI4', 'Velit illo quaerat est eius molestias earum impedit. Necessitatibus magni et odit sint optio nihil. Tempora in placeat sit. Similique ratione odit eius similique nemo architecto. Assumenda earum blanditiis quae quis. Modi voluptatem error debitis eligendi suscipit distinctio distinctio.', 1285, 4, '2021-03-25 10:40:06', '2021-03-25 10:40:06', NULL),
(164, 'WmfcdwTyJr', 'Nam necessitatibus voluptatibus consequuntur et. Est voluptas dicta sint quis rerum. Eos et aliquam eligendi nobis quidem aut reprehenderit. Ducimus dolorum vitae velit qui omnis aut. Nihil commodi veniam sapiente dolores. Labore cumque eaque ab. Optio hic illum saepe. Qui eos debitis eum quae. Sunt qui aut a officiis ipsam quia. Doloribus eveniet similique iusto porro.', 1333, 1, '2021-03-25 10:40:06', '2021-03-25 10:40:06', NULL),
(165, 'nQauZkEl6f', 'Natus quia consequuntur labore omnis. Beatae ut blanditiis cumque qui. Exercitationem sint voluptatem repellendus culpa quibusdam soluta. Sunt quam beatae a nisi sit iste. Dolores facilis iusto adipisci dolorem architecto sint dolores modi. Velit occaecati distinctio aut dolores.', 1648, 5, '2021-03-25 10:40:06', '2021-03-25 10:40:06', NULL),
(166, 'SUzKGwvuq0', 'Quam sit accusantium cum aut in impedit. Fugiat enim excepturi quae voluptas. Tempora adipisci officia sint enim nihil consequatur eum. Dolorum et ullam ut et. Consectetur et ut rem tempore. Officia consequatur necessitatibus ea cupiditate dolor.', 1340, 5, '2021-03-25 10:40:06', '2021-03-25 10:40:06', NULL),
(167, 'BmPt8JOdI5', 'Placeat est aliquid veritatis nisi ut voluptate. Voluptatem tempore eos ut facere. Vitae animi qui ipsa vel architecto corrupti. Eius commodi sunt aut a. Non ipsa facere corporis voluptatem sunt placeat cupiditate eos. Quia et enim qui reprehenderit beatae maxime. Doloribus explicabo odit aut voluptatem. Facilis assumenda id saepe esse rerum numquam.', 1959, 2, '2021-03-25 10:40:06', '2021-03-25 10:40:06', NULL),
(168, 'yonjFXp2DX', 'Eius autem ex dolores quam eveniet hic maxime. Rem ratione nihil velit odit. Pariatur ipsam minus sit. Qui sit et sint quam provident voluptatibus excepturi. Reprehenderit voluptas ut sed aut qui. Accusamus corporis enim vitae voluptas distinctio facere voluptatem explicabo. Culpa eum sit rerum facilis voluptates nemo.', 1295, 3, '2021-03-25 10:40:06', '2021-03-25 10:40:06', NULL),
(169, 'S6bYLn1O3x', 'Consequatur illum et debitis magni enim asperiores. Distinctio voluptas minus maiores modi. Aut esse delectus eius in exercitationem quisquam. Odio nostrum eaque eveniet cupiditate et. Saepe non molestiae natus voluptatem facere ex et. Quos tempore provident est repellat saepe molestias.', 1796, 2, '2021-03-25 10:40:06', '2021-03-25 10:40:06', NULL),
(170, 'RGzPXwN41b', 'Molestias et id minima exercitationem. Nostrum inventore dolorum itaque recusandae sed dolore quibusdam beatae. Et quasi est earum sunt dolores. Omnis nostrum et ex quam eos ut eos. Minus voluptates ducimus repellendus maxime. Est repudiandae tenetur est.', 1293, 5, '2021-03-25 10:40:06', '2021-03-25 10:40:06', NULL),
(171, 'YQ1QMhg4UX', 'Minima aut fugiat vero pariatur. Officiis dignissimos esse et non placeat. Aut ut tempora ut esse ea non. Necessitatibus quibusdam consequatur ea reiciendis sint dolorum minima totam. Et ut et dolor asperiores repellat mollitia officiis sequi. Cumque et illum esse quo qui atque.', 1076, 3, '2021-03-25 10:40:06', '2021-03-25 10:40:06', NULL),
(172, 'Ty6oZmi9yv', 'Quam iure et iure ea. Optio facere saepe asperiores voluptatem. Consectetur animi facilis enim perspiciatis alias nulla. Tempore quod neque reprehenderit dicta consequuntur ipsa provident. Illum beatae velit dolorem omnis. Officiis omnis quidem expedita quam. Debitis velit ut perspiciatis ullam nihil. Est autem sit repellendus voluptates ut doloremque perspiciatis ipsam.', 1331, 3, '2021-03-25 10:40:06', '2021-03-25 10:40:06', NULL),
(173, 'LPJ7mfVyqo', 'Repudiandae et dicta mollitia voluptas velit. Aut maiores expedita soluta consequatur. Sint magnam ratione ratione quam ipsa quas dolores. Omnis qui possimus mollitia omnis debitis ea qui. Maxime adipisci perferendis animi voluptatem iste assumenda. Facilis non autem modi deserunt. Ut fuga quas repellendus qui autem voluptates non.', 1829, 2, '2021-03-25 10:40:06', '2021-03-25 10:40:06', NULL),
(174, 'jrpIfOaB4C', 'Facere repellendus est sit provident ipsum nemo. Excepturi aut sunt corporis tenetur aut dolor. Eum velit omnis quasi. Numquam vel ducimus velit et dolor. Fuga maiores eveniet voluptatum neque atque. Nostrum enim culpa consectetur illum voluptas. Porro officia qui odit quisquam ut voluptas. Nulla tempore tenetur ratione beatae expedita fugit magni ut.', 1295, 5, '2021-03-25 10:40:06', '2021-03-25 10:40:06', NULL),
(175, 'qobPMhd11y', 'Sed rerum nisi et. Enim aspernatur corporis est dolores nam. Dolore quisquam fugiat nesciunt incidunt. Velit quae omnis voluptas. Impedit quas et tempore. Odit assumenda quo architecto voluptas ut et. Quasi iste quis officiis aperiam et.', 1407, 8, '2021-03-25 10:40:06', '2021-03-25 10:40:06', NULL),
(176, 'vraBLTYV1W', 'Temporibus aut dolore rerum sequi id aut fugit qui. Unde tenetur vel eius quam doloremque. Voluptas omnis sapiente minima cupiditate repellat saepe quo. Tempora quasi at ipsam. Omnis asperiores veniam et voluptatem at error labore. Vitae laboriosam facere eaque temporibus animi qui corporis. Architecto ea omnis et et a unde rerum veritatis. Est sapiente mollitia aut rerum dicta quidem et.', 1655, 4, '2021-03-25 10:40:06', '2021-03-25 10:40:06', NULL),
(177, 'ulqlW5D8PY', 'Nesciunt aut dolores qui quaerat et. Tenetur enim ut et alias facere et nihil. Nesciunt possimus aspernatur eveniet architecto. Nesciunt saepe fuga repudiandae quia soluta. Fuga molestiae neque natus ex saepe. Qui quidem eos non et. Occaecati qui commodi molestiae aut. Commodi molestias facilis ad aliquid omnis ullam sit. Odit et voluptas qui itaque. Sit modi soluta alias et. Porro aut et quasi.', 1936, 4, '2021-03-25 10:40:07', '2021-03-25 10:40:07', NULL),
(178, 'TCxyKYoEuj', 'Nisi quia magni perspiciatis et eum ducimus sunt. Quod tenetur nam debitis quia vel error. Eveniet culpa mollitia ducimus. Distinctio architecto debitis repudiandae quaerat. Eaque saepe omnis atque velit molestiae velit quidem. Sit unde doloremque eius corrupti distinctio aliquid aut veniam. Minima voluptatem esse quos. Tenetur repellendus facilis praesentium molestiae illo voluptate.', 1734, 7, '2021-03-25 10:40:07', '2021-03-25 10:40:07', NULL),
(179, 'IE9WvE6Ocb', 'Voluptatem non sed sed numquam a magnam libero. Nulla reprehenderit eum omnis nulla amet. Tempore nemo cum quae est sed. Eveniet iure sunt est necessitatibus maiores hic autem. Consequatur molestiae est ab vel unde. Et voluptas animi porro ea. Animi consequatur in voluptas repellat non cumque ea.', 1070, 6, '2021-03-25 10:40:07', '2021-03-25 10:40:07', NULL),
(180, 'WSUp09vErp', 'Fugit ratione nihil quidem dolor aliquid laudantium nemo quod. Quia sunt omnis harum. Enim perferendis laborum consequatur incidunt optio dolorem. Eos omnis quo qui mollitia et. Adipisci enim nesciunt consequuntur enim cum fuga labore. Optio ut consequatur ut unde sit. Rerum neque voluptas vero ad sit excepturi. Minima ad repellendus aut deserunt reprehenderit.', 1860, 3, '2021-03-25 10:40:07', '2021-03-25 10:40:07', NULL),
(181, 'tli91jA5Zz', 'Et ut aspernatur et. Sunt iure odit non. Odio veritatis corrupti et. Sequi sed pariatur est laboriosam id. Facere ut fugiat ut voluptas molestiae vel. Dolor rerum iure aperiam quae. Illo hic sunt illum ducimus ut voluptatem aut id. Similique tenetur ea quos est et similique eligendi. Dignissimos consequatur id voluptas itaque magni voluptatem. Rerum vel nam cum consequatur consequatur.', 1226, 8, '2021-03-25 10:40:07', '2021-03-25 10:40:07', NULL),
(182, 'SZVIa5tKK4', 'Ipsa odit exercitationem doloribus dolores et voluptas. Similique sequi asperiores et sit illo quod rerum. Excepturi vero voluptatem et distinctio id dolor neque. Magni quia nihil facere suscipit.', 1868, 6, '2021-03-25 10:40:07', '2021-03-25 10:40:07', NULL),
(183, 'INy0MP3Tl4', 'Qui enim eos maiores ut quam est. Voluptatum occaecati quod optio et quisquam molestias nam. Nobis ex sed omnis tempore. Eum hic omnis fugiat debitis voluptas. Dolores ea quia et aut. Fuga qui cumque deleniti quos voluptates ea tenetur. Esse non porro ut eveniet molestiae qui.', 1989, 1, '2021-03-25 10:40:07', '2021-03-25 10:40:07', NULL),
(184, 'R39KSUR8wL', 'Maxime omnis quidem dolores officiis. Architecto excepturi alias impedit non commodi expedita. Nesciunt sit possimus eos est rerum nihil enim. Qui et cum facilis ea. Corrupti totam iusto id incidunt. Velit iste accusantium quod vel. Illum vitae temporibus quibusdam dolorem. Accusantium voluptatem mollitia et dolor. Saepe minus perferendis dolor quos atque quis.', 1778, 7, '2021-03-25 10:40:07', '2021-03-25 10:40:07', NULL),
(185, 'd997TUk2xz', 'Id reprehenderit sequi libero consequatur numquam. Error et minus dolore velit aut temporibus voluptas. Aut sint est et laudantium sunt sequi quidem. Facere vitae dolor dolorem delectus. Et deserunt cum commodi facere iste. Ut et sed ut quae commodi voluptatem beatae. Neque accusamus incidunt voluptate sed magni et fugit.', 1831, 3, '2021-03-25 10:40:07', '2021-03-25 10:40:07', NULL),
(186, 'DycmTjT5bI', 'Non ullam ipsa asperiores exercitationem quo. Autem non consectetur quisquam et. Consequuntur veritatis cumque sed assumenda. Libero aut saepe fuga est perspiciatis delectus ex. Et qui enim eligendi ab. Sed sint omnis nihil occaecati iusto. Inventore quam quisquam animi nulla. Occaecati ut velit deserunt aut. Consequatur vitae nostrum est expedita fuga.', 1150, 3, '2021-03-25 10:40:07', '2021-03-25 10:40:07', NULL),
(187, 'e0pVAdCcRf', 'Voluptates quia vero quod est accusamus eligendi. Quo beatae dolor quas praesentium. Omnis deserunt cum alias nulla quasi tempore. Repellendus dolor ipsum neque eum tempora sed deserunt nostrum. Voluptatem eaque neque dolor ipsa nobis velit. Iure minus aliquam qui molestias magni. Non incidunt ipsam rerum est non quas.', 1805, 10, '2021-03-25 10:40:07', '2021-03-25 10:40:07', NULL),
(188, 'hMh82GHUVP', 'Voluptatibus nisi repellendus officia et minus quibusdam. Est cumque molestiae voluptas tempora velit earum dolorum. Quibusdam et magnam et. Et autem minima quia blanditiis consequuntur quia et mollitia. Eaque quia ut facere id explicabo odit et. Sequi quis sed voluptatem cum. Vitae ducimus sed nisi sint nesciunt earum.', 1996, 7, '2021-03-25 10:40:07', '2021-03-25 10:40:07', NULL),
(189, 'vxxaJQV9Sl', 'Nihil eum accusamus optio consequatur non ut. Sit itaque vero beatae et. Facilis omnis animi facere inventore sint. Autem voluptatem dicta rerum. Recusandae dolores recusandae expedita et reiciendis. Soluta voluptatem voluptatem inventore cumque non eaque doloremque. Voluptas id reiciendis delectus voluptas et vero.', 1889, 10, '2021-03-25 10:40:07', '2021-03-25 10:40:07', NULL),
(190, 'GqobmjGq0M', 'Eum aliquam expedita vel quibusdam tempore. Dolorem non facilis ut mollitia quis. Quam enim qui itaque ut. Repellat beatae ab tempora est eligendi sunt. Dignissimos rerum provident a. Laboriosam iusto perferendis ab inventore. Nam tempore ullam dolorem voluptas doloribus. Nemo occaecati dolores omnis nemo eaque vel. Aut dolorem facere facilis. Corrupti ab sunt illum eos.', 1088, 4, '2021-03-25 10:40:08', '2021-03-25 10:40:08', NULL),
(191, 'cayTwWR36p', 'Reiciendis assumenda nihil minima repellendus velit odit doloribus. Nobis saepe hic et quia. Est quaerat recusandae rem totam voluptatem. Voluptates alias repudiandae accusamus nisi aliquam ut et. Enim voluptates officia illum totam atque et consequatur est. Cumque alias qui earum nesciunt eos. Hic eveniet sed qui consectetur quod eius. Dolores sunt culpa culpa excepturi soluta nesciunt.', 1271, 7, '2021-03-25 10:40:08', '2021-03-25 10:40:08', NULL),
(192, 'X5RlAHA85S', 'Rem aut voluptates non quaerat iure cum in quo. Molestias id ut qui qui dolor. Dolore iure non nihil est. Voluptatem quia velit accusantium inventore saepe in dolor rerum. Sequi voluptatum suscipit perferendis ab. Repellendus eaque tempore itaque et placeat dolor perferendis. Enim officia natus consequuntur perspiciatis.', 1722, 7, '2021-03-25 10:40:08', '2021-03-25 10:40:08', NULL),
(193, 'AKCGQ0xFCc', 'Reprehenderit perspiciatis quas a consequatur quae. Dolor voluptatem reprehenderit aperiam culpa corporis. Optio voluptatem corrupti illum cupiditate. Molestiae commodi a sed dolore. Pariatur optio et consequatur. Repudiandae quia recusandae nihil reiciendis officiis.', 1289, 1, '2021-03-25 10:40:08', '2021-03-25 10:40:08', NULL),
(194, 'mgb9jC10rG', 'Aut eveniet quos animi nihil officia doloribus repellendus vel. Dolores iste dicta hic porro modi qui. Sed eaque nihil at accusamus id maiores atque. Eum pariatur provident ad enim maiores asperiores. Doloremque fugit excepturi sed. Dolorem odit itaque minus incidunt tenetur sit deserunt. Voluptas nam iusto sit sequi.', 1776, 3, '2021-03-25 10:40:08', '2021-03-25 10:40:08', NULL),
(195, 'YcheTsOBF2', 'Labore et aut enim non. Quam deleniti optio sint qui sunt commodi. Animi eum omnis vel et excepturi qui iste qui. Id modi est aut cupiditate. Soluta nesciunt vel ipsa inventore. Quia deserunt nisi quibusdam rerum alias. Ea accusamus reprehenderit vel doloribus.', 1077, 7, '2021-03-25 10:40:08', '2021-03-25 10:40:08', NULL),
(196, 'GmU1ITAtNI', 'Qui voluptates ad reiciendis beatae culpa. Modi sint velit officia facilis sit iste. Dolores asperiores praesentium autem suscipit in est saepe. Cum sint sequi voluptatibus et dolores et. Ipsum dolorum doloremque vel. Vitae ut quibusdam neque architecto. Dolor alias deleniti in distinctio maxime rerum.', 1864, 4, '2021-03-25 10:40:08', '2021-03-25 10:40:08', NULL),
(197, 'WrVl26s7aQ', 'Corrupti culpa quod eos quas neque. Molestiae doloribus fugit pariatur. Eos eius non voluptatem quibusdam minus et. Quisquam rem fugiat omnis quia facilis. Quas odit rerum qui voluptatibus voluptatem consequatur quo. Et corrupti molestiae ipsam eligendi atque ut non. Explicabo quibusdam deserunt et qui officiis enim beatae facilis. Quos omnis amet voluptatem voluptatem.', 1507, 5, '2021-03-25 10:40:08', '2021-03-25 10:40:08', NULL),
(198, 'TRDwL6Y2Wm', 'Necessitatibus earum dicta quis nihil earum expedita. Vel qui sit ut alias recusandae nesciunt rerum. Hic dolores aut dignissimos. Pariatur et possimus adipisci qui recusandae quae. Dicta nostrum et architecto officiis beatae at. Molestias quis dolores ipsum. Dolores consequatur nemo veritatis aut error quidem voluptatem corporis. Quibusdam nihil itaque maiores laboriosam culpa omnis.', 1316, 7, '2021-03-25 10:40:08', '2021-03-25 10:40:08', NULL),
(199, 'e049tNUtEP', 'Voluptatem ex rerum eius laborum molestiae voluptatem. Repellendus consequuntur accusamus voluptatibus consectetur. A voluptatem corrupti sit fugiat at officiis est qui. Voluptatum sit officiis dolor dignissimos inventore sint tempora.', 1388, 10, '2021-03-25 10:40:08', '2021-03-25 10:40:08', NULL),
(200, 'DKH2D13Vg4', 'Facere quos iure iusto et incidunt. Et dolorum aperiam fugit maxime et. Repudiandae fugiat sed facere sint nobis labore. Quisquam hic dolorum doloremque molestiae quasi. Vel libero ut delectus. Eos culpa esse id est blanditiis. Perferendis odit illum veniam ea occaecati dolores.', 1107, 3, '2021-03-25 10:40:08', '2021-03-25 10:40:08', NULL),
(201, 'xWpnIFwb4u', 'Reprehenderit omnis dolor vitae vero tempora. Blanditiis fugit porro deserunt. Aut sed voluptate nobis maiores. Quos eius aut voluptate temporibus esse. A iusto aut consequatur alias porro ut incidunt. Incidunt aperiam doloremque et corrupti ut dolorum ea.', 1810, 1, '2021-03-25 10:40:08', '2021-03-25 10:40:08', NULL),
(202, '5lWkC7DUGL', 'Quia autem iure dolores odit quo omnis aut. Quis omnis maxime ipsa velit incidunt reiciendis est. Facilis eaque alias dolore sapiente eligendi sint. Vero inventore unde consequatur sed blanditiis et consequatur. Nostrum ut omnis quo sunt quo et maxime. Quia dicta repudiandae quibusdam et iste aliquid id. Maiores quia est sed porro. Id aut earum non.', 1336, 5, '2021-03-25 10:40:08', '2021-03-25 10:40:08', NULL),
(203, 'YTptlsGcLF', 'Praesentium dolore dignissimos doloremque voluptatibus cupiditate eum. Aspernatur sit et quis eveniet tempora. Cumque molestiae perferendis voluptates sint facere facere repudiandae reiciendis. Autem occaecati eaque iure ad in adipisci. Quas rerum et quia laboriosam inventore est. Quae deleniti molestiae nam ut consectetur quo. Omnis ut qui iure iste itaque.', 1742, 7, '2021-03-25 10:40:08', '2021-03-25 10:40:08', NULL),
(204, 'Hs1ztuQuaj', 'Quos et ipsum voluptatem. Et quasi aut ipsum velit consectetur ab numquam cupiditate. Adipisci modi sit non modi sit recusandae voluptas autem. Reprehenderit eveniet qui libero et optio debitis incidunt et. Iusto consequatur dolorem suscipit autem sapiente ut quod.', 1027, 10, '2021-03-25 10:40:08', '2021-03-25 10:40:08', NULL),
(205, 'zscoYtUo7w', 'Ab quia aspernatur ut distinctio aut ipsa. Harum dolor repudiandae eos et voluptatibus molestiae. Quia dolorum voluptates sapiente. Blanditiis soluta et cum quo itaque accusantium. Unde officia quia rerum ipsam voluptas sit. Modi corrupti maiores ex voluptatibus. Ipsa est impedit quod impedit. Fuga facilis enim soluta dolor.', 1230, 5, '2021-03-25 10:40:08', '2021-03-25 10:40:08', NULL),
(206, 'tCUh3mXDLH', 'Voluptatum saepe sint quia aliquid qui perferendis. Aut tempora cum pariatur ratione nisi. Libero corrupti quidem ut commodi. Quia omnis ut quasi et iusto repellat quis. Cum iusto ex voluptatum voluptas ipsum dolore. Nobis placeat sed velit repellendus harum ullam veritatis qui. Et fugit dolor voluptas quasi. Quo et sunt eos a non dolorem in blanditiis.', 1985, 5, '2021-03-25 10:40:08', '2021-03-25 10:40:08', NULL),
(207, 'MMiviDwGM2', 'Molestiae porro quia aperiam voluptatibus placeat quam. Aliquid aut qui eos reprehenderit. Voluptatem natus amet omnis consequatur voluptatem quis ullam eos. Quas eos quod et harum totam dolorem modi. Deleniti modi et fugiat nulla perferendis. Temporibus delectus architecto aspernatur illo ipsum ullam laboriosam. Alias fugit dolores aut et ducimus.', 1872, 6, '2021-03-25 10:40:08', '2021-03-25 10:40:08', NULL),
(208, 'dymt40e2Ua', 'Aut non dolores ut debitis laborum exercitationem facere. Ullam doloribus quia excepturi perferendis. Voluptatem voluptatem rerum asperiores odio et. Expedita et ut laboriosam in porro tenetur dolorem voluptatum. Totam harum qui fuga deleniti. Corrupti ut tenetur ut quis delectus. Mollitia aliquam et eum necessitatibus laborum placeat iste.', 1220, 8, '2021-03-25 10:40:08', '2021-03-25 10:40:08', NULL),
(209, 'ZG0HJDVldS', 'Esse fugit perferendis ut in reiciendis mollitia. Explicabo voluptas officiis incidunt ut. Nesciunt illo ipsum earum nihil neque optio quis. Omnis minima porro aliquam.', 1917, 4, '2021-03-25 10:40:08', '2021-03-25 10:40:08', NULL),
(210, 'ApJsufXGIz', 'Asperiores optio rerum doloremque dolores laboriosam sed aut iste. Labore deleniti nisi placeat sit quos beatae ab. Aliquam non delectus corrupti enim repellat rerum quidem. Dolore in id laboriosam totam et. Enim consequatur fugiat id iste et in molestiae ut. Totam incidunt quasi perspiciatis minima. Rerum non mollitia earum harum.', 1397, 1, '2021-03-25 10:40:08', '2021-03-25 10:40:08', NULL),
(211, 'TIRcbSLu8p', 'Quasi vel cupiditate voluptatem repudiandae. Ipsa in consequuntur blanditiis ex mollitia blanditiis veniam. Reprehenderit et dolorum tempore est eos ad. Cum iure et quaerat consequuntur officiis. Aut tempore natus culpa minus sit aut hic. Ullam necessitatibus aut ea et officiis.', 1073, 10, '2021-03-25 10:40:08', '2021-03-25 10:40:08', NULL),
(212, 'eSL5mFHJwL', 'Alias et delectus inventore excepturi omnis. Dolorem ipsum alias animi veniam. Vel quibusdam voluptate error esse asperiores voluptatem ipsa sed. Architecto illum aut voluptas quis.', 1345, 10, '2021-03-25 10:40:09', '2021-03-25 10:40:09', NULL),
(213, 'ghiLi9dGPf', 'Vitae ratione inventore quidem ullam enim quasi ab. Suscipit ullam nihil corrupti laborum nulla repudiandae eligendi perspiciatis. Unde ut tempora alias debitis error et deleniti. Sit ut ut voluptatibus dolores et. Omnis sint sunt repellat reprehenderit sint error beatae perferendis.', 1597, 6, '2021-03-25 10:40:09', '2021-03-25 10:40:09', NULL),
(214, 'r7n5Cw7hn9', 'Quia nam dolores voluptas natus. Modi velit quae ut id suscipit aliquid. Cum asperiores rerum praesentium necessitatibus. Iure facere sapiente iusto quia itaque sit. In ut cupiditate quo mollitia error. Et et est rerum. Occaecati alias id veritatis voluptas. Qui ut reprehenderit cumque velit. Veniam quos ducimus eos aut placeat sunt voluptas.', 1422, 1, '2021-03-25 10:40:09', '2021-03-25 10:40:09', NULL),
(215, 'K9W4AsbjsP', 'Omnis ut omnis dolor maiores. Aperiam aut est repellendus voluptas. Ipsa quidem dolorum repellat quasi voluptatem quia officia. Consequatur iste molestiae culpa quas. Voluptatibus blanditiis fugiat libero. Sequi facere voluptatem nostrum repellendus. Et quia nisi ut est. Consequatur aperiam nihil laboriosam voluptas dolorum. Quidem sunt delectus minus ut optio iusto.', 1058, 5, '2021-03-25 10:40:09', '2021-03-25 10:40:09', NULL),
(216, 'rZQyXfhYqb', 'Labore dolor itaque ut corporis sit omnis. Totam voluptas sed fugiat pariatur consectetur. Accusamus ipsa atque consectetur. Voluptatem ullam ad ea. Eveniet rerum nostrum deleniti officiis. Deleniti est non blanditiis voluptatem minima fugit. Exercitationem eos quas ut nihil.', 1273, 5, '2021-03-25 10:40:09', '2021-03-25 10:40:09', NULL),
(217, 'RKjjV5fLf6', 'Ipsum odit cupiditate sed aut illo libero molestiae. Quia omnis ut aliquid. Eum porro commodi esse quibusdam illum quibusdam in. Voluptatem expedita nam quas. Et nihil veritatis asperiores excepturi a aut accusantium non. At quos pariatur laboriosam. Quisquam dolorum porro est.', 1887, 6, '2021-03-25 10:40:09', '2021-03-25 10:40:09', NULL),
(218, 'KPzt8j7K2T', 'Culpa nulla qui est itaque voluptas sit praesentium. Quas architecto libero non. Sed nobis aut enim. Excepturi et ut quia qui. Ducimus cumque dolorem itaque libero dolor eum aut. Aut quis fugiat unde qui sint. Velit ullam et unde dolore.', 1256, 10, '2021-03-25 10:40:09', '2021-03-25 10:40:09', NULL),
(219, 'F1EKhijutf', 'Sapiente optio molestiae natus assumenda. Quia et asperiores voluptas beatae provident inventore non. Quae quos qui libero necessitatibus. Facilis suscipit sed perspiciatis facere. Rerum odio asperiores ratione temporibus porro non. Voluptatem dolore ullam fugit et dicta.', 1965, 6, '2021-03-25 10:40:09', '2021-03-25 10:40:09', NULL),
(220, 'K4pk3YPTEm', 'Dolorum ipsa quisquam voluptatum qui id sint. Hic sapiente voluptatem ab nulla aut. Sint tenetur aut nesciunt id iure magni voluptatem. Et blanditiis natus officiis quibusdam. A similique cumque maxime dolorem blanditiis deleniti non. Veniam quas explicabo voluptatem at veritatis sed eaque. Delectus ab quia necessitatibus corrupti fuga recusandae quidem.', 1759, 6, '2021-03-25 10:40:09', '2021-03-25 10:40:09', NULL),
(221, '3EtBAXq3bd', 'Eaque sapiente quo autem qui quis quidem. Ex inventore placeat dolores fugiat. Sint velit quia repellat ut quas. Unde voluptatem excepturi dolor esse nulla. Totam facilis ratione dolorem autem eos harum tempore id. Sequi tenetur sunt velit repellendus aliquid animi et veritatis. Quae neque vitae provident. Architecto atque unde aperiam. Et quod quidem consequatur fugiat veniam ullam.', 1322, 6, '2021-03-25 10:40:09', '2021-03-25 10:40:09', NULL),
(222, 'Io91zUq6sK', 'Neque deleniti dolor eum ut non voluptate et. Libero molestias rem illo. Consequatur velit consequatur tempore maxime. Aut facilis nostrum reiciendis pariatur voluptatum qui quam. Voluptatem voluptas cupiditate qui debitis dignissimos illo. In et vel optio eos ea exercitationem sunt.', 1174, 1, '2021-03-25 10:40:09', '2021-03-25 10:40:09', NULL),
(223, '6vS6uxKh0F', 'Adipisci eveniet sed beatae dolorem labore. Assumenda nihil ipsa ut voluptas perspiciatis quis. Doloribus qui commodi sit sint id adipisci atque. Vel quia id vel minus eum. Quia molestiae quos aliquid quo ut aut. Laboriosam rem itaque non expedita aut vitae modi. Veritatis ullam sapiente tempore ipsam provident quae. Praesentium quisquam harum in omnis velit qui ipsam quo.', 1180, 9, '2021-03-25 10:40:09', '2021-03-25 10:40:09', NULL),
(224, 'NnxITrN4oR', 'Consequuntur qui harum et. Et perferendis eum et sit nesciunt. Hic neque sunt omnis quos. Eos dolorum blanditiis vel neque illo in nobis. Aut ipsum incidunt omnis autem quas. Non consectetur nostrum voluptates in.', 1070, 8, '2021-03-25 10:40:09', '2021-03-25 10:40:09', NULL),
(225, 'oU0BQzeZ9I', 'Qui aliquam nesciunt quos est tenetur ut sit adipisci. Atque necessitatibus hic quia voluptatem omnis molestiae occaecati. Animi est ut mollitia minima dolorem. Tempora et facilis aut odio natus. Aut et cupiditate qui dolore quos. Aperiam in commodi eos et rem autem iste. Maiores nobis fugit ipsa ipsum rerum dolorem voluptatum labore. Suscipit qui et aut et.', 1466, 2, '2021-03-25 10:40:09', '2021-03-25 10:40:09', NULL),
(226, 'P32CJXnMj8', 'Voluptate quia sed ipsa. Perferendis rerum eos ut cum. Consequatur maxime odio hic soluta est magnam qui eaque. Aut optio dolores voluptas soluta. Ut quia reiciendis aliquid impedit deserunt necessitatibus autem. Voluptatibus molestiae rerum nisi fugiat. Quibusdam vel officia accusamus distinctio est consectetur. Commodi est corrupti accusamus alias pariatur.', 1465, 6, '2021-03-25 10:40:09', '2021-03-25 10:40:09', NULL),
(227, 'IhLlZUoTsu', 'Rerum odio rerum error commodi est perferendis et. Ad consectetur beatae quam et. Aut fuga asperiores perspiciatis. Nostrum delectus est deleniti. Ut non consequatur qui quos ab quia. Quia ut quia perspiciatis quaerat recusandae culpa vel. Aliquid velit omnis dolorum quod. Voluptate nobis dignissimos provident nihil quas delectus voluptatem.', 1291, 4, '2021-03-25 10:40:09', '2021-03-25 10:40:09', NULL),
(228, 'RyT2XEtC9A', 'Sit est est quibusdam. Atque omnis magni ipsa voluptates magnam. Vel cum adipisci rem veritatis quo omnis. Aliquid dolorum velit sint et ex. Amet et amet et explicabo reprehenderit. Eum recusandae quia sit delectus cupiditate.', 1315, 3, '2021-03-25 10:40:09', '2021-03-25 10:40:09', NULL),
(229, 'AY8PqbmSGI', 'Nisi architecto dignissimos expedita sit est. Velit labore quibusdam sint voluptate quas fugit dicta. Inventore voluptatibus non qui vitae. Quia consequatur cupiditate ullam aut aliquid. Deserunt error mollitia architecto dolor. Qui cum excepturi pariatur et et. Veniam id sunt reiciendis repellat quibusdam ab. Sint quidem officia ratione rem in.', 1826, 4, '2021-03-25 10:40:09', '2021-03-25 10:40:09', NULL),
(230, 'QBPG8dpafw', 'Debitis cumque autem dicta non sapiente hic. Dolorem possimus quod neque et officiis. Et quas est odit aperiam. Consectetur qui asperiores mollitia. Ad odit rerum similique sed eius sequi omnis. Provident temporibus unde maiores eum atque consequuntur. Adipisci sit aut voluptate voluptas. Voluptatem iste ex quas fugiat.', 1091, 3, '2021-03-25 10:40:09', '2021-03-25 10:40:09', NULL),
(231, 'Vw0xYHsFLo', 'Hic officiis aut eveniet. Eum repudiandae magnam rerum id quas tenetur voluptatem. Ex tempore et est ea ad. Minus quas enim excepturi minus corporis. Placeat vero animi corrupti ullam. Dolorem omnis quod aut. Qui similique qui et sapiente est autem aspernatur blanditiis.', 1431, 6, '2021-03-25 10:40:09', '2021-03-25 10:40:09', NULL),
(232, 'gtMsaijWlH', 'Esse vero ratione dolor debitis eius ut soluta nihil. Vel quidem quos doloremque est mollitia facilis sunt. Eos corrupti enim officiis qui. Possimus reiciendis quam dolorum corrupti eum rerum quia. Ducimus consectetur unde quia aspernatur omnis earum. Dolores eligendi at expedita delectus officiis eligendi. Similique voluptatum quae voluptatum quasi in dolorum molestiae.', 1886, 7, '2021-03-25 10:40:09', '2021-03-25 10:40:09', NULL),
(233, 'LncLsdQhHp', 'Nihil est et quasi sit ut qui nam ducimus. Cupiditate cum cupiditate est officia ex unde. Et repellendus iure libero quo architecto. Cupiditate dicta dignissimos assumenda. Id ullam iste culpa quo. Recusandae architecto qui et et cupiditate. Hic qui necessitatibus sunt et eveniet architecto.', 1772, 3, '2021-03-25 10:40:09', '2021-03-25 10:40:09', NULL),
(234, 'h3I0tKel85', 'Cum voluptatem consequatur a et. Nesciunt laboriosam id vero doloribus aspernatur. Blanditiis ea ut consequuntur nostrum ut consequatur sit ipsa. Rerum itaque et voluptas. Deleniti et excepturi corporis quisquam est omnis. Cum perferendis et non necessitatibus dicta nisi repudiandae. Atque totam esse tempora maiores alias molestiae. Saepe incidunt ut deserunt.', 1811, 7, '2021-03-25 10:40:09', '2021-03-25 10:40:09', NULL),
(235, 'PHUabe1Ekj', 'Possimus voluptas ex quam beatae nobis et laborum. Quia ipsa doloremque ipsam non dicta voluptas iste atque. Quod reprehenderit qui asperiores non ad perferendis voluptas. Velit sunt id beatae quia repudiandae quas. Et qui consequatur porro eveniet. Molestias ullam tenetur cum consequuntur voluptas. Laudantium corporis in molestiae delectus cum non.', 1620, 9, '2021-03-25 10:40:09', '2021-03-25 10:40:09', NULL),
(236, 'WN5KPLWyG8', 'Deleniti dolorum ipsam id voluptatem aspernatur. Est ab maiores harum ipsum doloribus ad. Iure sequi voluptatibus exercitationem itaque. Et et et excepturi amet.', 1920, 4, '2021-03-25 10:40:09', '2021-03-25 10:40:09', NULL),
(237, '1jchuwjllI', 'Sint voluptas blanditiis sunt. Sit qui magni delectus accusantium. Aut aut rerum excepturi eaque modi delectus iure. Fuga magni est repudiandae aliquid officia voluptas nemo. Consectetur excepturi inventore nemo nulla et eveniet. Optio dolores inventore tempore hic illum iusto iste at. Omnis eveniet et quas odio officiis dolore.', 1733, 3, '2021-03-25 10:40:10', '2021-03-25 10:40:10', NULL),
(238, 'EfEXz3LOr6', 'Doloremque natus aliquam accusantium sunt aut tempora. Ducimus error aut quos enim. Nihil aut deserunt at autem voluptatibus aperiam. Quis exercitationem assumenda et et. Dolorum quasi atque voluptate tempore facere. Impedit soluta molestias omnis. Vel delectus ad animi repellendus dolor et sapiente impedit. Nihil neque amet officia. Id eligendi et laboriosam aliquam sint vitae aspernatur qui.', 1356, 5, '2021-03-25 10:40:10', '2021-03-25 10:40:10', NULL),
(239, 'eets2i1Fp0', 'Qui fuga cum et ducimus. Corrupti aliquam porro ex officiis nam dolor omnis consequatur. Dolores at aperiam nesciunt et nesciunt magni quae. Laboriosam doloribus harum distinctio quis fuga porro qui. Quia inventore incidunt modi quia nemo. Omnis fugiat reiciendis molestiae quos velit. Consequatur pariatur aliquid ut illo.', 1563, 6, '2021-03-25 10:40:10', '2021-03-25 10:40:10', NULL),
(240, 'jt4xuCy0oC', 'Et iusto tempore fuga eaque rerum sed. Voluptatum harum sit quae exercitationem repudiandae necessitatibus. Amet tempora culpa et occaecati sit eos possimus. Corrupti ad culpa fugit. Officiis velit magni fugit hic est reiciendis molestias. Sapiente minima minus dolor delectus aut fuga aut.', 1103, 1, '2021-03-25 10:40:10', '2021-03-25 10:40:10', NULL),
(241, 'FaW9G2SEEB', 'Facere est atque non odio. Sunt molestiae mollitia provident fugiat aut molestiae. Magnam molestiae ut sint et minus aliquam minima architecto. Officiis tenetur debitis eum non quasi numquam. Odit voluptas voluptas aut beatae voluptas. In nostrum sed hic laborum. Non in quasi accusamus accusamus. Et necessitatibus rerum nam itaque.', 1021, 6, '2021-03-25 10:40:10', '2021-03-25 10:40:10', NULL),
(242, 'LuA0ajAFZj', 'Porro totam libero dolores est voluptatem assumenda ut. Beatae molestiae sapiente qui et occaecati eum quia. Accusamus nihil itaque ipsa ut natus quia consectetur. Corrupti consequatur soluta qui voluptas. Occaecati occaecati aspernatur tempora voluptas ut voluptatibus voluptatem. Sint eligendi autem commodi voluptatibus provident ad.', 1407, 10, '2021-03-25 10:40:10', '2021-03-25 10:40:10', NULL),
(243, 'jFScPTgMI5', 'Rem corrupti harum sed dolorem. Ea odit nemo eum non dolor. Molestiae ut aperiam eum accusantium et. Aspernatur soluta voluptas minus consequuntur veniam soluta. Natus et quod repellendus sed sed est ea adipisci. In iusto et molestias sint iusto quaerat incidunt. Necessitatibus ullam aut culpa optio. Est molestiae commodi ut accusantium.', 1254, 8, '2021-03-25 10:40:10', '2021-03-25 10:40:10', NULL),
(244, '7xg7MBrtON', 'Culpa quae necessitatibus ut labore. Earum aut assumenda error qui enim et. Voluptatem sed excepturi est in fugiat. Ipsa animi aut ratione aut. Qui cum commodi nobis. Dolorem fugit et assumenda commodi quas. Hic omnis quis facilis id at sed. Voluptatem enim non et aut minima explicabo eos. Expedita veritatis accusamus aut vel. In enim consequatur impedit libero fugiat accusamus.', 1774, 4, '2021-03-25 10:40:10', '2021-03-25 10:40:10', NULL),
(245, 'tnfJfVzncm', 'Amet consequatur modi dolorem repellendus. Rerum nemo alias aut quidem. Omnis quia assumenda sed qui natus quia. Reiciendis aliquid consequatur qui eveniet reiciendis tempore unde voluptatem. Non eligendi provident aliquam sequi laboriosam. Explicabo suscipit alias consequuntur ut. Alias quo repudiandae sit aspernatur provident eligendi sit. Quas sit qui est rerum.', 1376, 5, '2021-03-25 10:40:10', '2021-03-25 10:40:10', NULL),
(246, 'boPTHCUZXd', 'Pariatur delectus tenetur corporis quisquam eius error. Veniam aliquid qui dolor impedit sit laudantium dolores id. Dolores molestiae nam fugit beatae voluptates ab culpa. Sit numquam in officia dolorum ducimus debitis.', 1136, 3, '2021-03-25 10:40:10', '2021-03-25 10:40:10', NULL);
INSERT INTO `products` (`id`, `name`, `details`, `price`, `category_id`, `created_at`, `updated_at`, `specification`) VALUES
(247, 'JX1jBp50yl', 'Modi unde est et laudantium ut esse et. Ipsum ipsum quia eligendi. Pariatur laudantium eos deserunt officia dolorum fugit omnis. Perferendis iusto cupiditate expedita fugit omnis delectus asperiores. Enim dolorem quis praesentium et. Ut inventore deserunt deserunt et consequatur. Consectetur mollitia ea consequatur.', 1616, 8, '2021-03-25 10:40:10', '2021-03-25 10:40:10', NULL),
(248, 'dbzVYCs9fJ', 'Placeat autem deleniti aliquid vel repudiandae sed. Molestiae deserunt quia qui tempore. Esse eos autem amet facere soluta voluptas inventore. Enim consequatur voluptatum commodi omnis laboriosam. Et recusandae quos debitis quidem ut. Quam velit molestias quos iusto. Quibusdam aut aut non tempore aut et. Expedita quo unde perferendis reiciendis. Molestias cupiditate dicta dolore et ut.', 1879, 4, '2021-03-25 10:40:10', '2021-03-25 10:40:10', NULL),
(249, 'W0LdFiy5tu', 'Dolorem quis repudiandae quae. Deserunt aut assumenda doloribus quisquam dolore sequi. Rerum voluptas assumenda delectus ea et. Sed sit qui occaecati earum dignissimos blanditiis ut. Nemo sunt qui perferendis nemo earum ipsam. Eligendi ipsa quis vero quod. Cupiditate quia dignissimos voluptatem at aut ea optio. Distinctio et laboriosam qui adipisci necessitatibus.', 1600, 7, '2021-03-25 10:40:10', '2021-03-25 10:40:10', NULL),
(250, '0PMaalr1jU', 'Molestias sit aperiam voluptate quo autem dolor rerum. Ab labore nulla placeat doloremque error perferendis. Nobis quas in totam quaerat dolor laborum consectetur eum. Rerum provident earum necessitatibus id. Ipsa et itaque et corrupti nihil eius quo fugiat. Qui cupiditate quo eveniet et. Perspiciatis nulla ipsa doloribus nulla suscipit aut.', 1507, 5, '2021-03-25 10:40:10', '2021-03-25 10:40:10', NULL),
(251, '7ZO5zRyuhB', 'Laborum similique optio dolorem quod exercitationem. Eaque illum harum omnis voluptatibus ut tempora voluptatem. Et et rerum temporibus nesciunt ducimus. Quis odio quia dignissimos vel eligendi voluptas sint maxime. Voluptas sequi sed qui a sunt. Ut ut recusandae consequatur atque inventore et quia.', 1567, 3, '2021-03-25 10:40:10', '2021-03-25 10:40:10', NULL),
(252, '4YRFf1rNzW', 'Voluptas accusamus modi dolore sed molestiae magnam minus. Ad maxime sit ad esse atque optio assumenda. Aut deleniti minus voluptate voluptatem facere ex ut. Ducimus quia at provident qui officiis exercitationem quia ut. Consequuntur ut ut maxime ea quis et sint veritatis. Vel deleniti aliquam omnis asperiores praesentium repellendus quia.', 1701, 5, '2021-03-25 10:40:10', '2021-03-25 10:40:10', NULL),
(253, 'It5NZAJvCD', 'Et maiores totam quisquam ad placeat labore illum. Praesentium et deserunt similique ut. Ratione consequuntur quo qui quam reprehenderit ab qui omnis. Et tempore tempore dolores minima. Aut magni id itaque quia. Esse et et enim sit accusamus animi temporibus. Eligendi sed molestias autem debitis et enim corrupti possimus. Quisquam sit in fugit voluptas ipsam aut qui.', 1543, 6, '2021-03-25 10:40:10', '2021-03-25 10:40:10', NULL),
(254, 'sses47YdSL', 'Animi illum porro eveniet nemo omnis et voluptatibus. Quisquam aut numquam itaque adipisci. Deserunt dolore sit alias. Dolorem quo aspernatur illum aliquid. Voluptate ea vitae voluptas similique eum. Quo doloribus tempora veniam animi. Est quis id vel impedit beatae sapiente in qui. Ducimus repudiandae aut dolores at.', 1172, 5, '2021-03-25 10:40:10', '2021-03-25 10:40:10', NULL),
(255, 'AOyuLc96jl', 'Consequuntur modi occaecati nihil amet. Asperiores labore odio maxime harum quaerat corrupti ducimus. Sapiente quae rerum placeat iure non incidunt nesciunt. Doloremque necessitatibus reiciendis alias nobis blanditiis est. Excepturi culpa adipisci sequi culpa tempora veniam accusantium. Cumque est facilis eveniet natus asperiores. Impedit nam possimus id accusamus quae veritatis.', 1629, 8, '2021-03-25 10:40:10', '2021-03-25 10:40:10', NULL),
(256, 'OqNanc9iJV', 'Consequatur dolorem similique veritatis ex quo excepturi. Provident illo hic aspernatur asperiores et. Quia non ipsa aliquid. Qui error earum omnis possimus soluta rerum. Ea quam eius excepturi minus. Ea animi aut harum sit aperiam veritatis distinctio sint. Qui et dolorum magni consequatur accusamus.', 1555, 8, '2021-03-25 10:40:10', '2021-03-25 10:40:10', NULL),
(257, 'J3nZQKEkw3', 'Nesciunt laborum vel similique dolorem totam. Et est qui optio qui consectetur est quae deserunt. Vel reiciendis sint et eligendi nisi. Eius quo occaecati ullam beatae ipsam facere et. Nulla illum et minima vitae hic et esse. Officia voluptatem asperiores quam dolor. Totam illo dolorum sit odio magnam cum. Commodi quaerat laborum illo ducimus voluptate.', 1695, 9, '2021-03-25 10:40:11', '2021-03-25 10:40:11', NULL),
(258, 'kEyZGOpU1E', 'Omnis quas cupiditate distinctio non expedita. Et rem aliquam quas minus neque. Iure beatae facere ut eveniet consequatur omnis et impedit. Ea dolor quaerat ut eum. Saepe totam doloremque non adipisci sit voluptas. Eum maiores atque quis labore. Quia omnis neque ipsa est quia explicabo.', 1860, 9, '2021-03-25 10:40:11', '2021-03-25 10:40:11', NULL),
(259, 'knwzS4LEFo', 'Sint facere voluptate vero quidem commodi consequatur eveniet. Sequi vitae eum suscipit eveniet rerum non ut facere. Nihil nihil odit molestiae mollitia aut maxime. Excepturi reiciendis rerum dolores a id quidem. Impedit veritatis qui suscipit ipsa. Non asperiores autem fuga vero qui ut dolorum autem.', 1883, 5, '2021-03-25 10:40:11', '2021-03-25 10:40:11', NULL),
(260, 'Tz85cQ8B09', 'Magni qui voluptatem corrupti enim voluptate. Neque dolores nihil non esse velit dignissimos veritatis. Non architecto temporibus esse expedita omnis iste. Ea error vitae nam totam non facilis. Et delectus vitae non voluptate doloribus dolores animi. Nisi nisi nostrum molestiae illo eum vitae. Autem doloremque dolor ducimus sed. Exercitationem cupiditate vel voluptatum rerum optio non atque ut.', 1821, 7, '2021-03-25 10:40:11', '2021-03-25 10:40:11', NULL),
(261, 'f3gemaksRW', 'Et voluptatibus facere ut soluta nobis facilis. Officia magni doloribus nihil magni. Commodi blanditiis dolores sequi nisi earum fugiat. Ea ratione in necessitatibus voluptate fugiat. Et quas omnis animi quo molestiae dolorum. Maiores aut autem est tempore voluptas. Corporis voluptas sit error nemo delectus ut et veritatis. Unde ipsum est quasi aut hic.', 1659, 8, '2021-03-25 10:40:11', '2021-03-25 10:40:11', NULL),
(262, '6AF8siI8ng', 'Quas eos tempora beatae et voluptatem. Et laudantium fugiat asperiores quibusdam. Delectus voluptas non suscipit aut molestiae recusandae. Aliquam asperiores accusamus animi est. Quasi voluptatem laborum placeat. Earum architecto perferendis ratione sunt tempore praesentium ipsa. Atque odit voluptatem et aut eligendi quidem numquam odit. Ipsa in sunt voluptate et error soluta quis.', 1676, 2, '2021-03-25 10:40:11', '2021-03-25 10:40:11', NULL),
(263, 'ELfgfo2ZH3', 'Ex quis quis labore. Iure qui vero ea optio atque blanditiis ex. Animi illo cupiditate et laudantium natus ut mollitia impedit. Vel iure a magni id debitis cum. Rem sed animi rerum voluptatem repudiandae. Perspiciatis et earum rem voluptatem. Est et deserunt omnis qui. Voluptatem aut incidunt nostrum amet delectus excepturi eaque.', 1137, 5, '2021-03-25 10:40:11', '2021-03-25 10:40:11', NULL),
(264, 'vdpqSqF6Vp', 'At quia et quibusdam beatae illum perspiciatis sunt. Totam sed aliquid et et. Nemo labore ut tenetur quibusdam rerum. Accusamus iste quo culpa consequatur voluptatem. Porro impedit harum autem harum. Vel quas nam suscipit ab blanditiis.', 1770, 4, '2021-03-25 10:40:11', '2021-03-25 10:40:11', NULL),
(265, 'ZDHYBkpn9R', 'Facere aut dolorum vel voluptatum. Eos doloribus dolorem quia a illum et quo. Totam asperiores quidem voluptas voluptas. Modi ad quasi velit impedit. Ipsa similique consequatur est commodi voluptatem enim. Excepturi quia provident veritatis dolores voluptatem quia ratione. Dignissimos itaque nesciunt eos exercitationem corrupti est.', 1089, 7, '2021-03-25 10:40:11', '2021-03-25 10:40:11', NULL),
(266, 'Nnt9ARQv6W', 'Tenetur quae aperiam autem consequatur. Non placeat dolore illo rerum totam et. Unde consequatur reprehenderit aut quia et autem explicabo. Repellat cumque quibusdam voluptatibus aut quia deleniti hic. Veniam facere omnis qui. Quidem cupiditate at quibusdam ut earum. Suscipit et velit eius ullam ut dicta.', 1524, 3, '2021-03-25 10:40:11', '2021-03-25 10:40:11', NULL),
(267, 'pbf49w5mT6', 'Rerum dolore iure laborum. Molestias et provident repellat praesentium ab. Sed et est suscipit dolor eum fugiat corporis accusamus. Sit eos molestias quisquam non labore aut. Ratione odit distinctio aut officia. Voluptatem est molestias voluptatem qui porro. Dolores magnam alias porro soluta repellendus.', 1794, 1, '2021-03-25 10:40:11', '2021-03-25 10:40:11', NULL),
(268, 'Ovvymg80Hb', 'Quo expedita totam dolores quas. Sit nobis labore occaecati minima. Magnam perferendis provident voluptatem. Vel ut culpa ipsum. Saepe ad quia blanditiis sunt nisi iure. Eum et doloremque est et voluptates quo ut. Voluptas maxime quidem ducimus et. Eum cumque sed id maiores. Veritatis necessitatibus provident laboriosam praesentium ut quisquam aut.', 1241, 9, '2021-03-25 10:40:11', '2021-03-25 10:40:11', NULL),
(269, 'WGAo3VuJti', 'Et autem quisquam rerum dolorem delectus ipsam sunt molestiae. Laudantium doloremque pariatur quisquam velit temporibus inventore ut. Asperiores cumque veniam incidunt itaque asperiores dolorum molestiae. Numquam nulla incidunt velit nesciunt tempore. Et accusantium sit natus deleniti deserunt nihil illo.', 1354, 6, '2021-03-25 10:40:11', '2021-03-25 10:40:11', NULL),
(270, 'rZK4baYSwR', 'Quia et tempore exercitationem dolorum nulla sed neque. Illum aut nihil eos nam est pariatur. Quos est qui dolores ullam ducimus. Voluptates dolor dolores sit tempora. Impedit quo consequatur corrupti vero. Sit totam qui provident iusto totam doloremque. Quia amet aut rerum quis ea aut vero. Voluptatem aut quia quos enim eaque rerum ut officiis. Libero iusto libero libero.', 1448, 2, '2021-03-25 10:40:11', '2021-03-25 10:40:11', NULL),
(271, 'q4WS36TmGR', 'Qui dignissimos est tempore. Et vitae molestiae consequatur ipsa hic et omnis. Laborum aperiam eligendi doloribus non velit omnis alias. Ut quos iure ipsa nulla nam. Et corrupti corporis ut temporibus magnam maxime quis.', 1606, 6, '2021-03-25 10:40:11', '2021-03-25 10:40:11', NULL),
(272, 'IrfJNYHaZi', 'Suscipit quia aspernatur mollitia repellendus soluta eos vel expedita. Occaecati earum dolores vel. Cupiditate quibusdam eaque voluptatum similique amet. Provident quae est et. Eligendi voluptas et necessitatibus et sed. Natus autem consequatur amet atque libero. Ad id nostrum deleniti a. Ducimus ut commodi recusandae perspiciatis.', 1199, 7, '2021-03-25 10:40:11', '2021-03-25 10:40:11', NULL),
(273, 'yC8jtnsTeg', 'Similique et exercitationem reprehenderit ducimus. Reiciendis aut accusantium voluptates necessitatibus adipisci voluptas. Id ut fuga harum in. Repellendus quo fuga amet similique. Ratione repellendus distinctio vitae quam nisi. Adipisci ea sunt itaque non odio praesentium repudiandae. Hic provident nam dolor placeat. Nemo minima ut provident excepturi.', 1537, 10, '2021-03-25 10:40:11', '2021-03-25 10:40:11', NULL),
(274, 'oJBNVEwupr', 'Molestiae sequi fuga nihil id dolore rerum. Officia sit optio ut commodi suscipit non. Voluptas vel eos exercitationem velit vero ut vel. Eum reiciendis tempore odio qui fugiat ullam nemo. Deserunt quia nulla quis magni ipsum quas minima.', 1390, 8, '2021-03-25 10:40:11', '2021-03-25 10:40:11', NULL),
(275, '6p5qCQf071', 'Libero aut et totam quasi. Eum possimus necessitatibus nihil. Vero delectus hic neque sapiente provident et et. Vero unde saepe distinctio quia perspiciatis. Maiores voluptas qui pariatur voluptates. Omnis modi tempore iste vero aut dolores. Ut dolor omnis id dignissimos. Et soluta et vitae voluptatum tempore. Consequuntur est dignissimos exercitationem laborum temporibus.', 1758, 4, '2021-03-25 10:40:11', '2021-03-25 10:40:11', NULL),
(276, '9LWgko0jEk', 'Facere sint ut et. Laborum dolorum voluptatem dolorum. Placeat rerum corporis facilis blanditiis. Unde porro sint tenetur et est quis architecto. Quibusdam quia vel vero assumenda qui ab esse quo. Qui voluptatem voluptatem consequatur iure. Doloremque est fugit excepturi aut quo cum.', 1751, 2, '2021-03-25 10:40:11', '2021-03-25 10:40:11', NULL),
(277, 'H6dkr5GSfS', 'Omnis ratione deserunt necessitatibus hic doloribus quam. Recusandae aut praesentium eos provident. Nam non itaque facere odio ut voluptates. Distinctio eveniet quia enim qui. Vero sit dolorem et numquam libero perferendis sunt. Ullam delectus sint et qui possimus ea quo quia.', 1910, 3, '2021-03-25 10:40:11', '2021-03-25 10:40:11', NULL),
(278, 'UvCDnQ2kOB', 'Et fugit eos nihil. Magnam necessitatibus porro sit enim et ipsum quidem. Explicabo dolores et ipsam doloremque et. Qui vel tenetur ea enim. Ut repellendus sed deserunt distinctio. Quod tempora cum est ex minus magni voluptas assumenda. Nesciunt deserunt eum rerum ratione hic aut rem. Sed accusantium cupiditate cupiditate at voluptatem.', 1438, 8, '2021-03-25 10:40:11', '2021-03-25 10:40:11', NULL),
(279, '48flXd49h0', 'Aperiam autem quia aspernatur molestias sed vitae sunt. Commodi similique at non odio doloremque est et delectus. Autem corrupti ad qui laudantium consequuntur suscipit et vel. Occaecati numquam natus earum odio. Cupiditate mollitia beatae autem excepturi beatae dolorem.', 1460, 3, '2021-03-25 10:40:11', '2021-03-25 10:40:11', NULL),
(280, 'f5aEQQ3rmT', 'Eum unde rerum doloribus saepe in consectetur dolor quia. Ullam voluptas fugiat neque distinctio velit dolor id repellendus. Quis occaecati sunt facilis iusto voluptas. Aut rerum et eveniet quia quisquam cum nemo. Quidem mollitia error nulla dignissimos id. Similique numquam saepe culpa qui ipsa commodi non dolor. Doloribus fuga sint fugiat ut at. Soluta dolores quia aut molestiae.', 1422, 9, '2021-03-25 10:40:11', '2021-03-25 10:40:11', NULL),
(281, 'zYAat5GTFW', 'Beatae vel aut eligendi ad fugiat sed. Quis et dolor eaque suscipit laudantium perferendis. Porro ipsum est omnis quia est. Ut corrupti quis in aut. Beatae sed debitis necessitatibus. Omnis voluptas ex sapiente itaque rerum. Modi sunt eius consequatur ipsam odit. Magni voluptas dolores eligendi provident aperiam qui. Quam delectus ipsam possimus est aut.', 1104, 5, '2021-03-25 10:40:11', '2021-03-25 10:40:11', NULL),
(282, 'hlt8izwvFr', 'Dolorem similique cupiditate pariatur asperiores a doloremque et. Odio velit dolor aut voluptatem occaecati est. Et aut maxime amet repellendus delectus. Deserunt quisquam minima aspernatur ratione omnis qui voluptate corrupti. Sequi voluptates modi recusandae nulla. Aut nemo est cum.', 1284, 3, '2021-03-25 10:40:11', '2021-03-25 10:40:11', NULL),
(283, '8gsueqEeTs', 'Repudiandae similique amet ex consequatur. Expedita est quis ut et incidunt consequatur voluptas. Pariatur dolor dicta voluptas itaque provident libero. Beatae voluptas occaecati non. Error et assumenda voluptas optio. Doloribus ut in id natus cumque. Vitae cupiditate optio incidunt eaque dolor et et.', 1631, 6, '2021-03-25 10:40:12', '2021-03-25 10:40:12', NULL),
(284, 'VeToBstmWz', 'Magnam reiciendis id perspiciatis totam quisquam ducimus error. Rem maxime sed est. Ut in voluptas omnis tenetur. Amet molestiae vel rerum in aperiam natus porro omnis. Repudiandae sint ex enim aliquid debitis commodi quidem. Unde dolorem tempora et ut. Impedit est consequatur ex perspiciatis neque. Ut voluptatem tenetur beatae ad.', 1452, 8, '2021-03-25 10:40:12', '2021-03-25 10:40:12', NULL),
(285, 'FtyDuWHmJB', 'Itaque dolorem dolores consequatur ea aspernatur et placeat. Aspernatur ut numquam ad tempore similique qui. Ex eius eos dolores eum quia fugiat repudiandae. Amet est qui rem molestiae. Vitae fugit animi ut libero sint saepe optio. Distinctio ut quae est nisi suscipit beatae eos. At nulla veritatis qui harum magnam accusamus natus corrupti.', 1794, 7, '2021-03-25 10:40:12', '2021-03-25 10:40:12', NULL),
(286, 'lq3NRpgGtG', 'Qui qui possimus culpa non porro ullam voluptate. Quis veniam dolorum possimus voluptatum laborum est. Alias numquam eos sit. Fugit repellat et sed officia. Cum ipsam cumque corporis qui repudiandae et quasi natus. Qui assumenda doloribus sequi corporis ut. Et fugiat velit laborum aut non quis. Dolorem velit velit nisi qui voluptas.', 1812, 3, '2021-03-25 10:40:12', '2021-03-25 10:40:12', NULL),
(287, 'XTBJOgGjt6', 'Voluptatem rerum dolorem eaque pariatur suscipit. Provident suscipit dolor sunt facilis corporis sit. Et velit minus et est excepturi alias quidem. Cupiditate fugiat sed saepe ex pariatur. Sit optio suscipit ipsa quasi voluptatem et. Et voluptatem sed quis qui iusto aliquam. Dignissimos facilis quae et culpa.', 1560, 6, '2021-03-25 10:40:12', '2021-03-25 10:40:12', NULL),
(288, 'jDkb0GCeb9', 'Ad aspernatur deleniti consequatur excepturi architecto aut dignissimos. Modi est commodi esse tempora excepturi. Debitis eum libero veritatis consequatur quod dolor earum. Officiis fuga vel laudantium. Molestias eum doloremque non laborum pariatur rerum. Rerum soluta non eum ducimus dignissimos voluptas rerum. Explicabo tempore et nemo vitae.', 1693, 7, '2021-03-25 10:40:12', '2021-03-25 10:40:12', NULL),
(289, 'pCY0wjs5LG', 'Quasi perspiciatis et odit enim nihil sit. Necessitatibus alias facere culpa quod ipsam. Magni beatae qui voluptatem culpa modi voluptatem. Eveniet aut molestias itaque aliquid. Omnis libero at omnis eius perspiciatis est.', 1865, 5, '2021-03-25 10:40:12', '2021-03-25 10:40:12', NULL),
(290, 'iSL8Qhm9ko', 'Voluptas aut beatae quidem saepe. Aliquam ut ea repellendus quos molestias est. Voluptatum et cupiditate tempora provident et similique in. Deserunt voluptatibus minima ex rerum deserunt provident ut. Illum dicta ea hic impedit. Quisquam magni ea rerum illo et maiores aut.', 1339, 10, '2021-03-25 10:40:12', '2021-03-25 10:40:12', NULL),
(291, 'YeIMibjX6V', 'Molestiae est qui maxime nisi assumenda ab alias. Ex saepe et sunt laborum sapiente eligendi non. Sunt id dolor quaerat laudantium. Sit est quos nam fugit dolores commodi inventore. Ut est repellendus aperiam error. Quam iure qui sit repudiandae provident vel. Dicta cumque dolorem perferendis nemo sunt est eum. Sunt est autem ipsa ipsum. Nihil at eligendi magni et quibusdam.', 1612, 3, '2021-03-25 10:40:12', '2021-03-25 10:40:12', NULL),
(292, 'x4zbgCI6Lg', 'Repudiandae commodi fuga ut. Quidem veritatis laudantium sunt libero. Dolor aliquid aperiam quaerat non. Ipsam optio neque et sapiente asperiores consectetur quia. Voluptatum alias et consectetur reprehenderit quia exercitationem. Aut laboriosam recusandae enim consectetur. Ipsa optio repellat iusto. Temporibus itaque corporis praesentium dolores qui eaque.', 1425, 2, '2021-03-25 10:40:12', '2021-03-25 10:40:12', NULL),
(293, 'zrXRiFmPhF', 'Enim sed ipsa et consequatur sit et. Et eos quisquam pariatur molestias. Qui autem et suscipit enim maxime necessitatibus odio. Ut consequatur reiciendis voluptatem eos natus est. Illo sunt enim ducimus quia voluptatem autem dolore. Ab id labore consequatur hic nesciunt. Sapiente sit nihil soluta est inventore quas. Fugit quidem libero corrupti fugiat soluta quod in.', 1344, 10, '2021-03-25 10:40:12', '2021-03-25 10:40:12', NULL),
(294, 'w3I3Zyhwlx', 'Culpa sit veniam nesciunt est qui. Quae nemo voluptas molestiae voluptas. Enim eum ratione sit quas nam. Minus eius dolor minima excepturi officia ea. Ipsa aliquid dolor magni laudantium laudantium asperiores ab aut. Ut quod possimus vero corrupti. Unde voluptates totam ipsum vitae ratione minima. Reiciendis ullam libero quidem modi nostrum corrupti.', 1259, 5, '2021-03-25 10:40:12', '2021-03-25 10:40:12', NULL),
(295, 'xTCbuL3vxV', 'Aliquam magni molestias nobis autem optio inventore. Consectetur consequuntur eos quia. Nulla quia et facere. Ipsam necessitatibus autem neque. Et veniam dolorem vitae sunt expedita in. Eos libero earum magnam. Est repellendus expedita modi vero in iure. Sint harum similique aliquam qui veniam dolores. Qui autem voluptatem pariatur saepe. Qui sed consectetur laboriosam accusantium quia.', 1121, 3, '2021-03-25 10:40:12', '2021-03-25 10:40:12', NULL),
(296, 'peWrOVoiIK', 'Dolores incidunt voluptates laborum tenetur repellendus. Mollitia pariatur maiores excepturi delectus repellat similique unde. Consequatur aliquam ipsam tenetur maxime at sapiente illum. Placeat ducimus voluptatibus soluta ea beatae necessitatibus.', 1841, 2, '2021-03-25 10:40:12', '2021-03-25 10:40:12', NULL),
(297, 'FHWlnKokh0', 'Laboriosam nam perspiciatis sed eos inventore. Ab sapiente nam dolores nulla qui. Tempore adipisci repellendus accusamus quod et. Id et vitae et cupiditate minima.', 1045, 7, '2021-03-25 10:40:12', '2021-03-25 10:40:12', NULL),
(298, 'b2vcE1PBVi', 'Iure neque aliquid ut officiis accusantium. Pariatur facilis fugiat voluptates aut quia hic. In et odio ea deserunt. Velit dolor iste tenetur quas tempore harum rerum. Fuga omnis vero placeat quos voluptates praesentium. Dignissimos totam consequatur nesciunt dicta.', 1012, 3, '2021-03-25 10:40:12', '2021-03-25 10:40:12', NULL),
(299, '77nMG6e2LI', 'Praesentium harum exercitationem voluptatem est aliquam. In tempora aut enim magni consequuntur molestiae pariatur sed. Adipisci quia delectus repellat illum amet. At sequi quo sint molestiae dignissimos placeat. Nobis neque provident sit qui est. Ut voluptatem quis exercitationem iure dolore fugiat similique. Qui molestiae explicabo qui optio provident porro quasi.', 1527, 10, '2021-03-25 10:40:12', '2021-03-25 10:40:12', NULL),
(300, 'HUncsBiNjk', 'Et tempore repellat voluptatum beatae illum eveniet sunt. Esse voluptas aperiam eum soluta. Reiciendis omnis qui voluptatem nobis impedit vel voluptatem. Quo repudiandae voluptatem laboriosam eos quos. At et sint rerum commodi. Autem explicabo dolore aut sit quos dolor.', 1666, 4, '2021-03-25 10:40:12', '2021-03-25 10:40:12', NULL);

-- --------------------------------------------------------

--
-- Table structure for table `users`
--

CREATE TABLE `users` (
  `id` bigint(20) UNSIGNED NOT NULL,
  `name` varchar(255) COLLATE utf8mb4_unicode_ci NOT NULL,
  `email` varchar(255) COLLATE utf8mb4_unicode_ci NOT NULL,
  `email_verified_at` timestamp NULL DEFAULT NULL,
  `password` varchar(255) COLLATE utf8mb4_unicode_ci NOT NULL,
  `remember_token` varchar(100) COLLATE utf8mb4_unicode_ci DEFAULT NULL,
  `created_at` timestamp NULL DEFAULT NULL,
  `updated_at` timestamp NULL DEFAULT NULL
) ENGINE=InnoDB DEFAULT CHARSET=utf8mb4 COLLATE=utf8mb4_unicode_ci;

--
-- Indexes for dumped tables
--

--
-- Indexes for table `categories`
--
ALTER TABLE `categories`
  ADD PRIMARY KEY (`id`);

--
-- Indexes for table `employees`
--
ALTER TABLE `employees`
  ADD PRIMARY KEY (`id`);

--
-- Indexes for table `failed_jobs`
--
ALTER TABLE `failed_jobs`
  ADD PRIMARY KEY (`id`),
  ADD UNIQUE KEY `failed_jobs_uuid_unique` (`uuid`);

--
-- Indexes for table `image_models`
--
ALTER TABLE `image_models`
  ADD PRIMARY KEY (`id`);

--
-- Indexes for table `migrations`
--
ALTER TABLE `migrations`
  ADD PRIMARY KEY (`id`);

--
-- Indexes for table `password_resets`
--
ALTER TABLE `password_resets`
  ADD KEY `password_resets_email_index` (`email`);

--
-- Indexes for table `products`
--
ALTER TABLE `products`
  ADD PRIMARY KEY (`id`),
  ADD KEY `products_category_id_index` (`category_id`);

--
-- Indexes for table `users`
--
ALTER TABLE `users`
  ADD PRIMARY KEY (`id`),
  ADD UNIQUE KEY `users_email_unique` (`email`);

--
-- AUTO_INCREMENT for dumped tables
--

--
-- AUTO_INCREMENT for table `categories`
--
ALTER TABLE `categories`
  MODIFY `id` bigint(20) UNSIGNED NOT NULL AUTO_INCREMENT, AUTO_INCREMENT=11;

--
-- AUTO_INCREMENT for table `employees`
--
ALTER TABLE `employees`
  MODIFY `id` int(11) NOT NULL AUTO_INCREMENT, AUTO_INCREMENT=31;

--
-- AUTO_INCREMENT for table `failed_jobs`
--
ALTER TABLE `failed_jobs`
  MODIFY `id` bigint(20) UNSIGNED NOT NULL AUTO_INCREMENT;

--
-- AUTO_INCREMENT for table `image_models`
--
ALTER TABLE `image_models`
  MODIFY `id` bigint(20) UNSIGNED NOT NULL AUTO_INCREMENT, AUTO_INCREMENT=2;

--
-- AUTO_INCREMENT for table `migrations`
--
ALTER TABLE `migrations`
  MODIFY `id` int(10) UNSIGNED NOT NULL AUTO_INCREMENT, AUTO_INCREMENT=8;

--
-- AUTO_INCREMENT for table `products`
--
ALTER TABLE `products`
  MODIFY `id` bigint(20) UNSIGNED NOT NULL AUTO_INCREMENT, AUTO_INCREMENT=301;

--
-- AUTO_INCREMENT for table `users`
--
ALTER TABLE `users`
  MODIFY `id` bigint(20) UNSIGNED NOT NULL AUTO_INCREMENT;

--
-- Constraints for dumped tables
--

--
-- Constraints for table `products`
--
ALTER TABLE `products`
  ADD CONSTRAINT `products_category_id_foreign` FOREIGN KEY (`category_id`) REFERENCES `categories` (`id`) ON DELETE CASCADE;
COMMIT;

/*!40101 SET CHARACTER_SET_CLIENT=@OLD_CHARACTER_SET_CLIENT */;
/*!40101 SET CHARACTER_SET_RESULTS=@OLD_CHARACTER_SET_RESULTS */;
/*!40101 SET COLLATION_CONNECTION=@OLD_COLLATION_CONNECTION */;
